season,week,celebrity_name,era,judge_rank,is_danger_zone,is_eliminated,estimated_fan_share,uncertainty_95ci,valid_rate
1,1,Evander Holyfield,Rank,4,1,0,0.1651376146788991,0.0,1.0
1,1,Joey McIntyre,Rank,1,0,0,0.1834862385321101,0.0,1.0
1,1,John O'Hurley,Rank,1,0,0,0.1834862385321101,0.0,1.0
1,1,Kelly Monaco,Rank,6,1,0,0.1192660550458715,0.0,1.0
1,1,Rachel Hunter,Rank,1,0,0,0.1834862385321101,0.0,1.0
1,1,Trista Sutter,Rank,4,0,0,0.1651376146788991,0.0,1.0
1,2,Evander Holyfield,Rank,6,1,0,0.24527269691510006,0.27186326025485996,0.20304
1,2,Joey McIntyre,Rank,3,0,0,0.15062884469349438,0.26137541267825254,0.20304
1,2,John O'Hurley,Rank,1,0,0,0.1677349187839762,0.3079687417995217,0.20304
1,2,Kelly Monaco,Rank,5,1,0,0.2145176547378169,0.2916386609054818,0.20304
1,2,Rachel Hunter,Rank,2,0,0,0.15406254929336802,0.29351126230225305,0.20304
1,2,Trista Sutter,Rank,4,0,1,0.06778333557624346,0.11628773636087802,0.20304
1,3,Evander Holyfield,Rank,5,1,1,0.17207370528088248,0.239103075684988,0.56514
1,3,Joey McIntyre,Rank,3,0,0,0.17996589494330104,0.32362733493193385,0.56514
1,3,John O'Hurley,Rank,2,0,0,0.18705694241032234,0.3310516332432186,0.56514
1,3,Kelly Monaco,Rank,4,1,0,0.25847512926364125,0.34260730188258537,0.56514
1,3,Rachel Hunter,Rank,1,0,0,0.20242832810185327,0.3465008349353216,0.56514
1,4,Joey McIntyre,Rank,4,1,0,0.3874473581330117,0.2519417226415912,0.07974
1,4,John O'Hurley,Rank,3,1,0,0.27975424228626183,0.16698893323121994,0.07974
1,4,Kelly Monaco,Rank,1,0,0,0.20018941844708388,0.1505045978129786,0.07974
1,4,Rachel Hunter,Rank,2,0,1,0.13260898113364042,0.15758420109552598,0.07974
1,5,Joey McIntyre,Rank,3,1,0,0.3082191780821918,0.0,1.0
1,5,John O'Hurley,Rank,1,0,0,0.3698630136986301,0.0,1.0
1,5,Kelly Monaco,Rank,2,1,0,0.3219178082191781,0.0,1.0
1,6,John O'Hurley,Rank,2,1,0,0.4954128440366973,0.0,1.0
1,6,Kelly Monaco,Rank,1,1,0,0.5045871559633027,0.0,1.0
2,1,Drew Lachey,Rank,1,0,0,0.10882556719117778,0.2604821994388781,0.18292
2,1,George Hamilton,Rank,8,0,0,0.11190664356435875,0.21979783930883245,0.18292
2,1,Giselle Fernandez,Rank,2,0,0,0.10464099323609471,0.25400810191881,0.18292
2,1,Jerry Rice,Rank,5,0,0,0.09885313150463282,0.24625415099112877,0.18292
2,1,Kenny Mayne,Rank,9,1,1,0.046310688791588776,0.0831331615891729,0.18292
2,1,Lisa Rinna,Rank,7,0,0,0.092349713230063,0.23132785594747474,0.18292
2,1,Master P,Rank,10,1,0,0.13960755399819477,0.25833357687281316,0.18292
2,1,Stacy Keibler,Rank,4,0,0,0.09999604959923493,0.24596730712027443,0.18292
2,1,Tatum O'Neal,Rank,2,0,0,0.10463917889436902,0.2545159654226287,0.18292
2,1,Tia Carrere,Rank,6,0,0,0.09287047999028494,0.2406189849564641,0.18292
2,2,Drew Lachey,Rank,2,0,0,0.11981053980482824,0.2675407621042971,0.1566
2,2,George Hamilton,Rank,5,0,0,0.10305652022938676,0.24888666425092099,0.1566
2,2,Giselle Fernandez,Rank,3,0,0,0.10790728585142491,0.26003152983012523,0.1566
2,2,Jerry Rice,Rank,4,0,0,0.10341367418734074,0.2538577881888991,0.1566
2,2,Lisa Rinna,Rank,7,0,0,0.1204303930091332,0.2245555994187477,0.1566
2,2,Master P,Rank,9,1,0,0.16239022388308527,0.2607510582018133,0.1566
2,2,Stacy Keibler,Rank,1,0,0,0.12875599189083262,0.27307413514287093,0.1566
2,2,Tatum O'Neal,Rank,8,1,1,0.05471446503881266,0.09216326791214637,0.1566
2,2,Tia Carrere,Rank,5,0,0,0.09952090610515536,0.2468157046191014,0.1566
2,3,Drew Lachey,Rank,1,0,0,0.12331866715680381,0.27198110282154214,0.21876
2,3,George Hamilton,Rank,5,0,0,0.11883427458123764,0.2429353170788126,0.21876
2,3,Giselle Fernandez,Rank,5,0,1,0.0448525549628751,0.08854844487199208,0.21876
2,3,Jerry Rice,Rank,7,1,0,0.16796551524168904,0.277030147273861,0.21876
2,3,Lisa Rinna,Rank,4,0,0,0.11743428481358005,0.26404976586728,0.21876
2,3,Master P,Rank,8,1,0,0.18396890421618825,0.26410826571708906,0.21876
2,3,Stacy Keibler,Rank,1,0,0,0.12308776324833992,0.2744251818339427,0.21876
2,3,Tia Carrere,Rank,3,0,0,0.12053803577928537,0.26965180727069105,0.21876
2,4,Drew Lachey,Rank,1,0,0,0.1482545576862256,0.29831973378469495,0.32912
2,4,George Hamilton,Rank,6,1,0,0.19778167460398527,0.2855601783828286,0.32912
2,4,Jerry Rice,Rank,5,0,0,0.14975189534908925,0.27999569229551285,0.32912
2,4,Lisa Rinna,Rank,2,0,0,0.13783587128104466,0.28452895014683055,0.32912
2,4,Master P,Rank,7,1,1,0.09353869857877425,0.14759604273604146,0.32912
2,4,Stacy Keibler,Rank,2,0,0,0.13811980364642365,0.28774401311050823,0.32912
2,4,Tia Carrere,Rank,4,0,0,0.13471749885445625,0.28977955459703864,0.32912
2,5,Drew Lachey,Rank,2,0,0,0.15961173702574707,0.3088780733289247,0.29398
2,5,George Hamilton,Rank,4,0,0,0.16383205768863765,0.2970239273862099,0.29398
2,5,Jerry Rice,Rank,5,1,0,0.23376716313453957,0.2983788197233366,0.29398
2,5,Lisa Rinna,Rank,3,0,0,0.150122796001109,0.2967882732976152,0.29398
2,5,Stacy Keibler,Rank,1,0,0,0.1770282485323014,0.3222998479315182,0.29398
2,5,Tia Carrere,Rank,6,1,1,0.11563799761766487,0.1571328188065355,0.29398
2,6,Drew Lachey,Rank,1,0,0,0.19430469061785546,0.3336394727741509,0.35318
2,6,George Hamilton,Rank,4,1,1,0.14912031208400714,0.19012840347690096,0.35318
2,6,Jerry Rice,Rank,4,1,0,0.2744072021336694,0.31294291393949136,0.35318
2,6,Lisa Rinna,Rank,3,0,0,0.191097375092649,0.31636178929624786,0.35318
2,6,Stacy Keibler,Rank,1,0,0,0.19107042007182093,0.3376986261134346,0.35318
2,7,Drew Lachey,Rank,1,0,0,0.23045003210906267,0.3132898601210337,0.22542
2,7,Jerry Rice,Rank,4,1,0,0.3590539531626564,0.28795712460651085,0.22542
2,7,Lisa Rinna,Rank,3,1,1,0.18110016862337622,0.1801574736279795,0.22542
2,7,Stacy Keibler,Rank,1,0,0,0.22939584610490318,0.3137887530673823,0.22542
2,8,Drew Lachey,Rank,1,0,0,0.3438729131809768,0.0,1.0
2,8,Jerry Rice,Rank,3,1,0,0.3162063678588072,0.0,1.0
2,8,Stacy Keibler,Rank,2,1,0,0.339920718960216,0.0,1.0
28,1,Ally Brooke,Rank + Save,7,0,0,0.0879120879120879,0.0,1.0
28,1,Hannah Brown,Rank + Save,2,0,0,0.1098901098901098,0.0,1.0
28,1,James Van Der Beek,Rank + Save,1,0,0,0.1153846153846153,0.0,1.0
28,1,Karamo Brown,Rank + Save,5,0,0,0.0934065934065934,0.0,1.0
28,1,Kate Flannery,Rank + Save,9,0,0,0.0824175824175824,0.0,1.0
28,1,Kel Mitchell,Rank + Save,7,0,0,0.0879120879120879,0.0,1.0
28,1,Lamar Odom,Rank + Save,11,1,0,0.0604395604395604,0.0,1.0
28,1,Lauren Alaina,Rank + Save,3,0,0,0.1043956043956044,0.0,1.0
28,1,Mary Wilson,Rank + Save,5,0,0,0.0934065934065934,0.0,1.0
28,1,Sailor Brinkley-Cook,Rank + Save,4,0,0,0.0989010989010989,0.0,1.0
28,1,Sean Spicer,Rank + Save,10,1,0,0.0659340659340659,0.0,1.0
28,2,Ally Brooke,Rank + Save,3,0,0,0.08873345675336874,0.2325989846895947,0.34488
28,2,Hannah Brown,Rank + Save,1,0,0,0.10655238918442472,0.2543548095761679,0.34488
28,2,James Van Der Beek,Rank + Save,3,0,0,0.08896510751899742,0.23574100462826555,0.34488
28,2,Karamo Brown,Rank + Save,6,0,0,0.08861413118643681,0.2292904594952612,0.34488
28,2,Kate Flannery,Rank + Save,2,0,0,0.09231799393078749,0.23695097386113928,0.34488
28,2,Kel Mitchell,Rank + Save,3,0,0,0.08919222348914513,0.234578549259408,0.34488
28,2,Lamar Odom,Rank + Save,11,1,0,0.12898254891728414,0.26890455108478795,0.34488
28,2,Lauren Alaina,Rank + Save,6,0,0,0.08793984762295402,0.2282581121433987,0.34488
28,2,Mary Wilson,Rank + Save,10,1,1,0.05319752126916871,0.09865272189375712,0.34488
28,2,Sailor Brinkley-Cook,Rank + Save,8,0,0,0.0927969428071825,0.23269139229042024,0.34488
28,2,Sean Spicer,Rank + Save,9,0,0,0.08270783732025086,0.22394697358664678,0.34488
28,3,Ally Brooke,Rank + Save,1,0,0,0.1212121212121212,0.0,1.0
28,3,Hannah Brown,Rank + Save,5,0,0,0.106060606060606,0.0,1.0
28,3,James Van Der Beek,Rank + Save,3,0,0,0.1161616161616161,0.0,1.0
28,3,Karamo Brown,Rank + Save,8,0,0,0.0808080808080808,0.0,1.0
28,3,Kate Flannery,Rank + Save,1,0,0,0.1212121212121212,0.0,1.0
28,3,Kel Mitchell,Rank + Save,6,0,0,0.101010101010101,0.0,1.0
28,3,Lamar Odom,Rank + Save,10,1,0,0.0606060606060606,0.0,1.0
28,3,Lauren Alaina,Rank + Save,6,0,0,0.101010101010101,0.0,1.0
28,3,Sailor Brinkley-Cook,Rank + Save,3,0,0,0.1161616161616161,0.0,1.0
28,3,Sean Spicer,Rank + Save,9,1,0,0.0757575757575757,0.0,1.0
28,4,Ally Brooke,Rank + Save,1,0,0,0.10215065764494126,0.2520960295295712,0.477
28,4,Hannah Brown,Rank + Save,1,0,0,0.10133266806534179,0.24980271653106217,0.477
28,4,James Van Der Beek,Rank + Save,6,0,0,0.09342876496865653,0.23447392639361142,0.477
28,4,Karamo Brown,Rank + Save,6,0,0,0.09383970555022933,0.23930618949747895,0.477
28,4,Kate Flannery,Rank + Save,8,0,0,0.09131281456913534,0.23339019530153224,0.477
28,4,Kel Mitchell,Rank + Save,1,0,0,0.10193811598693664,0.25105420054810856,0.477
28,4,Lamar Odom,Rank + Save,10,1,1,0.07146359369280916,0.13059525700938215,0.477
28,4,Lauren Alaina,Rank + Save,1,0,0,0.10201175066234025,0.2507536553040997,0.477
28,4,Sailor Brinkley-Cook,Rank + Save,5,0,0,0.10258575140008411,0.25080122794741805,0.477
28,4,Sean Spicer,Rank + Save,9,1,0,0.13993617745952516,0.2867208516809337,0.477
28,5,Ally Brooke,Rank + Save,1,0,0,0.1255813953488372,0.0,1.0
28,5,Hannah Brown,Rank + Save,4,0,0,0.1162790697674418,0.0,1.0
28,5,James Van Der Beek,Rank + Save,2,0,0,0.1209302325581395,0.0,1.0
28,5,Karamo Brown,Rank + Save,8,1,0,0.0976744186046511,0.0,1.0
28,5,Kate Flannery,Rank + Save,5,0,0,0.1116279069767441,0.0,1.0
28,5,Kel Mitchell,Rank + Save,2,0,0,0.1209302325581395,0.0,1.0
28,5,Lauren Alaina,Rank + Save,7,0,0,0.1069767441860465,0.0,1.0
28,5,Sailor Brinkley-Cook,Rank + Save,5,0,0,0.1116279069767441,0.0,1.0
28,5,Sean Spicer,Rank + Save,9,1,0,0.0883720930232558,0.0,1.0
28,6,Ally Brooke,Rank + Save,6,0,0,0.15417350065215807,0.15759680992441133,0.00134
28,6,Hannah Brown,Rank + Save,8,1,0,0.21714165268816615,0.20392548894124166,0.00134
28,6,James Van Der Beek,Rank + Save,1,0,0,0.06689222752423299,0.13400088850613712,0.00134
28,6,Karamo Brown,Rank + Save,6,0,0,0.15293329051565654,0.1996736908181745,0.00134
28,6,Kate Flannery,Rank + Save,1,0,0,0.06885569453794275,0.15607974539320682,0.00134
28,6,Kel Mitchell,Rank + Save,4,0,0,0.10789975740855896,0.14286735721095156,0.00134
28,6,Lauren Alaina,Rank + Save,4,0,0,0.10800741287711192,0.1592637973417877,0.00134
28,6,Sailor Brinkley-Cook,Rank + Save,1,0,1,0.028817461534947762,0.051017183614475936,0.00134
28,6,Sean Spicer,Rank + Save,9,1,0,0.09527900226122481,0.26660290048919527,0.00134
28,7,Ally Brooke,Rank + Save,1,0,0,0.11898277455661754,0.2663673628596145,0.48642
28,7,Hannah Brown,Rank + Save,4,0,0,0.11768554212127821,0.2624878296135117,0.48642
28,7,James Van Der Beek,Rank + Save,1,0,0,0.1199136297975613,0.26565722401489117,0.48642
28,7,Karamo Brown,Rank + Save,6,0,1,0.060381359660568235,0.11305748098132157,0.48642
28,7,Kate Flannery,Rank + Save,7,1,0,0.16858126958712585,0.3021338001197698,0.48642
28,7,Kel Mitchell,Rank + Save,5,0,0,0.12649096738945523,0.26434947592601943,0.48642
28,7,Lauren Alaina,Rank + Save,1,0,0,0.11900788738499804,0.2665110430608536,0.48642
28,7,Sean Spicer,Rank + Save,8,1,0,0.16895656950239413,0.30934165762056853,0.48642
28,8,Ally Brooke,Rank + Save,3,0,0,0.13808059821869703,0.2786528284227652,0.47684
28,8,Hannah Brown,Rank + Save,2,0,0,0.13852136933892062,0.28214505908218285,0.47684
28,8,James Van Der Beek,Rank + Save,1,0,0,0.14194391512818302,0.2846025860388869,0.47684
28,8,Kate Flannery,Rank + Save,5,0,1,0.06587697541772866,0.11800265775011846,0.47684
28,8,Kel Mitchell,Rank + Save,4,0,0,0.14626514488765285,0.2826802740605112,0.47684
28,8,Lauren Alaina,Rank + Save,6,1,0,0.1840211272578383,0.31189562200192766,0.47684
28,8,Sean Spicer,Rank + Save,7,1,0,0.1852908697509825,0.3186181835417159,0.47684
28,9,Ally Brooke,Rank + Save,1,0,0,0.1629218363360655,0.3206820918432333,0.73412
28,9,Hannah Brown,Rank + Save,4,0,0,0.15349509167847436,0.30665328466617864,0.73412
28,9,James Van Der Beek,Rank + Save,3,0,0,0.1532387916305763,0.30438257963811066,0.73412
28,9,Kel Mitchell,Rank + Save,2,0,0,0.15135232638608098,0.30379422346631063,0.73412
28,9,Lauren Alaina,Rank + Save,5,1,0,0.21291278420866436,0.34527368613989995,0.73412
28,9,Sean Spicer,Rank + Save,6,1,1,0.16607916976014195,0.2783110690925629,0.73412
28,10,Ally Brooke,Rank + Save,1,0,0,0.18001324398827973,0.3356514299294203,0.71602
28,10,Hannah Brown,Rank + Save,3,1,0,0.25300473117701855,0.3667813880993316,0.71602
28,10,James Van Der Beek,Rank + Save,5,1,1,0.20442071937983275,0.31222084880218703,0.71602
28,10,Kel Mitchell,Rank + Save,2,0,0,0.19194517837130212,0.32855218596488334,0.71602
28,10,Lauren Alaina,Rank + Save,3,0,0,0.17061612708356333,0.3266718407021495,0.71602
28,11,Ally Brooke,Rank + Save,1,0,0,0.2564102564102564,0.0,1.0
28,11,Hannah Brown,Rank + Save,3,1,0,0.2478632478632478,0.0,1.0
28,11,Kel Mitchell,Rank + Save,2,0,0,0.2521367521367521,0.0,1.0
28,11,Lauren Alaina,Rank + Save,4,1,0,0.2435897435897435,0.0,1.0
29,1,AJ McLean,Rank + Save,6,0,0,0.0743801652892562,0.0,1.0
29,1,Anne Heche,Rank + Save,6,0,0,0.0743801652892562,0.0,1.0
29,1,Carole Baskin,Rank + Save,14,1,0,0.0454545454545454,0.0,1.0
29,1,Charles Oakley,Rank + Save,13,1,0,0.0495867768595041,0.0,1.0
29,1,Chrishell Stause,Rank + Save,12,0,0,0.0537190082644628,0.0,1.0
29,1,Jesse Metcalfe,Rank + Save,6,0,0,0.0743801652892562,0.0,1.0
29,1,Johnny Weir,Rank + Save,6,0,0,0.0743801652892562,0.0,1.0
29,1,Justina Machado,Rank + Save,1,0,0,0.0867768595041322,0.0,1.0
29,1,Kaitlyn Bristowe,Rank + Save,3,0,0,0.0826446280991735,0.0,1.0
29,1,Monica Aldama,Rank + Save,5,0,0,0.0785123966942148,0.0,1.0
29,1,Nelly,Rank + Save,11,0,0,0.0661157024793388,0.0,1.0
29,1,Nev Schulman,Rank + Save,3,0,0,0.0826446280991735,0.0,1.0
29,1,Skai Jackson,Rank + Save,1,0,0,0.0867768595041322,0.0,1.0
29,1,Veron Davis,Rank + Save,10,0,0,0.0702479338842975,0.0,1.0
29,2,AJ McLean,Rank + Save,5,0,0,0.07073203950602451,0.21111584396605163,0.32818
29,2,Anne Heche,Rank + Save,6,0,0,0.06794094796123583,0.20067939026932777,0.32818
29,2,Carole Baskin,Rank + Save,11,0,0,0.06887499161791702,0.20220729490062575,0.32818
29,2,Charles Oakley,Rank + Save,13,1,1,0.03656253578322941,0.07166739087874277,0.32818
29,2,Chrishell Stause,Rank + Save,6,0,0,0.06813752489224328,0.20360935376119893,0.32818
29,2,Jesse Metcalfe,Rank + Save,4,0,0,0.07365863412180579,0.2136057171324491,0.32818
29,2,Johnny Weir,Rank + Save,6,0,0,0.06752202847897001,0.20243666370123545,0.32818
29,2,Justina Machado,Rank + Save,2,0,0,0.0772877280785654,0.21920861894916555,0.32818
29,2,Kaitlyn Bristowe,Rank + Save,1,0,0,0.08225421912971399,0.2231809963697106,0.32818
29,2,Monica Aldama,Rank + Save,11,0,0,0.06861949257335953,0.19713114421871755,0.32818
29,2,Nelly,Rank + Save,6,0,0,0.06771952786394,0.20517665242868433,0.32818
29,2,Nev Schulman,Rank + Save,2,0,0,0.07751363898788849,0.2180274441564876,0.32818
29,2,Skai Jackson,Rank + Save,13,1,0,0.10427887373580737,0.24630162269536732,0.32818
29,2,Veron Davis,Rank + Save,6,0,0,0.06889781726930037,0.2083772177412963,0.32818
29,3,AJ McLean,Rank + Save,6,0,0,0.07515250300142542,0.21680748790762633,0.38456
29,3,Anne Heche,Rank + Save,12,1,0,0.10747465719025873,0.24659737125856215,0.38456
29,3,Carole Baskin,Rank + Save,13,1,1,0.043044127564422816,0.08423663624651367,0.38456
29,3,Chrishell Stause,Rank + Save,4,0,0,0.07823321775082374,0.21842236607540033,0.38456
29,3,Jesse Metcalfe,Rank + Save,8,0,0,0.0736011624554469,0.20720046179975324,0.38456
29,3,Johnny Weir,Rank + Save,1,0,0,0.08563694947327903,0.23204883284634603,0.38456
29,3,Justina Machado,Rank + Save,9,0,0,0.07231470831698264,0.2068206335233873,0.38456
29,3,Kaitlyn Bristowe,Rank + Save,3,0,0,0.08257163173189981,0.2264530111857939,0.38456
29,3,Monica Aldama,Rank + Save,6,0,0,0.07564468670095233,0.21662108397474425,0.38456
29,3,Nelly,Rank + Save,10,0,0,0.07166577075241937,0.207583169824878,0.38456
29,3,Nev Schulman,Rank + Save,1,0,0,0.08563005339462613,0.2284988569472038,0.38456
29,3,Skai Jackson,Rank + Save,10,0,0,0.07063933167095052,0.20682600352429462,0.38456
29,3,Veron Davis,Rank + Save,4,0,0,0.07839119999651192,0.21985188104614642,0.38456
29,4,AJ McLean,Rank + Save,3,0,0,0.0805553880225984,0.2260554736286866,0.29638
29,4,Anne Heche,Rank + Save,10,1,1,0.045107263781664485,0.08572973303548662,0.29638
29,4,Chrishell Stause,Rank + Save,8,0,0,0.08317170502966388,0.22253561036321223,0.29638
29,4,Jesse Metcalfe,Rank + Save,10,1,0,0.1220683389737139,0.2606050610361073,0.29638
29,4,Johnny Weir,Rank + Save,3,0,0,0.08027143570340035,0.22227953539009154,0.29638
29,4,Justina Machado,Rank + Save,3,0,0,0.07960629931039617,0.2216584571912622,0.29638
29,4,Kaitlyn Bristowe,Rank + Save,2,0,0,0.08396235600898856,0.22836674269122603,0.29638
29,4,Monica Aldama,Rank + Save,3,0,0,0.08106060395873793,0.2230754851174097,0.29638
29,4,Nelly,Rank + Save,10,0,0,0.08350035794418209,0.22376167169697686,0.29638
29,4,Nev Schulman,Rank + Save,3,0,0,0.08115238432256525,0.22268206371503338,0.29638
29,4,Skai Jackson,Rank + Save,1,0,0,0.09414975530234534,0.2424619235820284,0.29638
29,4,Veron Davis,Rank + Save,8,0,0,0.0853941116417434,0.21995512859293367,0.29638
29,5,AJ McLean,Rank + Save,5,0,0,0.08609118442252726,0.22650698636165056,0.42034
29,5,Chrishell Stause,Rank + Save,10,1,0,0.13040319810341935,0.27167968162511835,0.42034
29,5,Jesse Metcalfe,Rank + Save,10,1,1,0.05802146644554306,0.10161121392240682,0.42034
29,5,Johnny Weir,Rank + Save,1,0,0,0.10192227467686898,0.24924707941040286,0.42034
29,5,Justina Machado,Rank + Save,5,0,0,0.08695642869725846,0.227624280424728,0.42034
29,5,Kaitlyn Bristowe,Rank + Save,2,0,0,0.09420736515777307,0.242634372182405,0.42034
29,5,Monica Aldama,Rank + Save,3,0,0,0.0924498762062598,0.2408225153862797,0.42034
29,5,Nelly,Rank + Save,5,0,0,0.08739306730987614,0.22854785657377966,0.42034
29,5,Nev Schulman,Rank + Save,3,0,0,0.09187742868991854,0.24025006464186693,0.42034
29,5,Skai Jackson,Rank + Save,5,0,0,0.08860077573130111,0.23391340374644853,0.42034
29,5,Veron Davis,Rank + Save,9,0,0,0.08207693455925458,0.22557410972476336,0.42034
29,6,AJ McLean,Rank + Save,1,0,0,0.10094825933944634,0.25143608250982524,0.40592
29,6,Chrishell Stause,Rank + Save,6,0,0,0.09692750553663904,0.23776304111358748,0.40592
29,6,Johnny Weir,Rank + Save,8,0,0,0.09336797538100751,0.24121336649462305,0.40592
29,6,Justina Machado,Rank + Save,1,0,0,0.10104455697934105,0.24771864489750925,0.40592
29,6,Kaitlyn Bristowe,Rank + Save,1,0,0,0.10047118660000201,0.24928854535504522,0.40592
29,6,Monica Aldama,Rank + Save,1,0,0,0.10149331731984551,0.251430126318667,0.40592
29,6,Nelly,Rank + Save,6,0,0,0.09645145611973632,0.2400255657726381,0.40592
29,6,Nev Schulman,Rank + Save,5,0,0,0.10108250291060979,0.2494280476725107,0.40592
29,6,Skai Jackson,Rank + Save,10,1,0,0.1416437370600751,0.2851805441121612,0.40592
29,6,Veron Davis,Rank + Save,9,1,1,0.06656950275329819,0.11671849294214227,0.40592
29,7,AJ McLean,Rank + Save,5,0,0,0.10797858629277603,0.25435477242392085,0.53072
29,7,Chrishell Stause,Rank + Save,5,0,0,0.10868440508005543,0.25611023989856924,0.53072
29,7,Johnny Weir,Rank + Save,2,0,0,0.10375414771819359,0.252162904364661,0.53072
29,7,Justina Machado,Rank + Save,5,0,0,0.1079246066111563,0.2554456984168182,0.53072
29,7,Kaitlyn Bristowe,Rank + Save,8,1,0,0.15675263163396763,0.2976338948433075,0.53072
29,7,Monica Aldama,Rank + Save,9,1,1,0.09013524302730445,0.1572254305978888,0.53072
29,7,Nelly,Rank + Save,2,0,0,0.10404025911590042,0.25463118221340336,0.53072
29,7,Nev Schulman,Rank + Save,1,0,0,0.11605206583443159,0.26941338637076473,0.53072
29,7,Skai Jackson,Rank + Save,2,0,0,0.10467805468621558,0.25377324621098757,0.53072
29,8,AJ McLean,Rank + Save,5,0,0,0.12065251410724871,0.25118220890306836,0.31808
29,8,Chrishell Stause,Rank + Save,5,0,1,0.04976016589271554,0.09351729219286926,0.31808
29,8,Johnny Weir,Rank + Save,1,0,0,0.12038487556878634,0.27086770045070385,0.31808
29,8,Justina Machado,Rank + Save,3,0,0,0.12039838553683023,0.2589227551553859,0.31808
29,8,Kaitlyn Bristowe,Rank + Save,4,0,0,0.12472860743660427,0.2563262493092956,0.31808
29,8,Nelly,Rank + Save,8,1,0,0.1742021758372915,0.3104126579659634,0.31808
29,8,Nev Schulman,Rank + Save,1,0,0,0.11951192771722695,0.2667750638708096,0.31808
29,8,Skai Jackson,Rank + Save,7,1,0,0.17036134790329766,0.30268366069657815,0.31808
29,9,AJ McLean,Rank + Save,6,1,1,0.10877748297657042,0.15352473382192033,0.43454
29,9,Johnny Weir,Rank + Save,1,0,0,0.13917453338038,0.28723050243530796,0.43454
29,9,Justina Machado,Rank + Save,5,0,0,0.1271774612009883,0.2763030213624833,0.43454
29,9,Kaitlyn Bristowe,Rank + Save,1,0,0,0.13831025679555412,0.28371998698034395,0.43454
29,9,Nelly,Rank + Save,7,1,0,0.2007356436920207,0.33068092448839426,0.43454
29,9,Nev Schulman,Rank + Save,3,0,0,0.1433204014443674,0.2868461231326714,0.43454
29,9,Skai Jackson,Rank + Save,3,0,0,0.14250422051011638,0.28501605249642836,0.43454
29,10,Johnny Weir,Rank + Save,4,1,1,0.10852599277601192,0.13235557328624808,0.2303
29,10,Justina Machado,Rank + Save,3,0,0,0.17262823759908655,0.2913769698918101,0.2303
29,10,Kaitlyn Bristowe,Rank + Save,1,0,0,0.1575366132774962,0.28716772087613224,0.2303
29,10,Nelly,Rank + Save,6,1,0,0.23551165807084293,0.3536634908988233,0.2303
29,10,Nev Schulman,Rank + Save,1,0,0,0.15677199315346987,0.2887473666732361,0.2303
29,10,Skai Jackson,Rank + Save,4,0,1,0.16902550512309278,0.298782246788788,0.2303
29,11,Justina Machado,Rank + Save,1,1,0,0.2531645569620253,0.0,1.0
29,11,Kaitlyn Bristowe,Rank + Save,1,0,0,0.2531645569620253,0.0,1.0
29,11,Nelly,Rank + Save,4,1,0,0.240506329113924,0.0,1.0
29,11,Nev Schulman,Rank + Save,1,0,0,0.2531645569620253,0.0,1.0
30,1,Amanda Kloots,Rank + Save,2,0,0,0.0765027322404371,0.0,1.0
30,1,Brian Austin Green,Rank + Save,9,0,0,0.0655737704918032,0.0,1.0
30,1,Christine Chiu,Rank + Save,7,0,0,0.0683060109289617,0.0,1.0
30,1,Cody Rigsby,Rank + Save,9,0,0,0.0655737704918032,0.0,1.0
30,1,Iman Shumpert,Rank + Save,14,1,0,0.0573770491803278,0.0,1.0
30,1,Jimmie Allen,Rank + Save,13,0,0,0.0601092896174863,0.0,1.0
30,1,JoJo Siwa,Rank + Save,1,0,0,0.0792349726775956,0.0,1.0
30,1,Kenya Moore,Rank + Save,5,0,0,0.0710382513661202,0.0,1.0
30,1,Martin Kove,Rank + Save,15,1,0,0.0355191256830601,0.0,1.0
30,1,Matt James,Rank + Save,9,0,0,0.0655737704918032,0.0,1.0
30,1,Melanie C,Rank + Save,4,0,0,0.0737704918032786,0.0,1.0
30,1,Melora Hardin,Rank + Save,5,0,0,0.0710382513661202,0.0,1.0
30,1,"Mike ""The Miz"" Mizanin",Rank + Save,9,0,0,0.0655737704918032,0.0,1.0
30,1,Olivia Jade,Rank + Save,7,0,0,0.0683060109289617,0.0,1.0
30,1,Suni Lee,Rank + Save,2,0,0,0.0765027322404371,0.0,1.0
30,2,Amanda Kloots,Rank + Save,1,0,0,0.07711041963960973,0.21864428505220065,0.34822
30,2,Brian Austin Green,Rank + Save,13,0,0,0.06495002245319548,0.19605609636582544,0.34822
30,2,Christine Chiu,Rank + Save,10,0,0,0.06330666437452467,0.1946604349640158,0.34822
30,2,Cody Rigsby,Rank + Save,10,0,0,0.06254144855502537,0.19189662815816577,0.34822
30,2,Iman Shumpert,Rank + Save,9,0,0,0.06368690054314456,0.19593799412895416,0.34822
30,2,Jimmie Allen,Rank + Save,5,0,0,0.0665775250891695,0.20203598963968392,0.34822
30,2,JoJo Siwa,Rank + Save,2,0,0,0.07577401415304602,0.21499371508332346,0.34822
30,2,Kenya Moore,Rank + Save,10,0,0,0.06302988084891663,0.1928230525017513,0.34822
30,2,Martin Kove,Rank + Save,15,1,1,0.032848721774815376,0.06969857834022951,0.34822
30,2,Matt James,Rank + Save,14,1,0,0.09384379515562892,0.23391354079832297,0.34822
30,2,Melanie C,Rank + Save,3,0,0,0.07270917720381162,0.2092461787291036,0.34822
30,2,Melora Hardin,Rank + Save,5,0,0,0.06557952080954546,0.20171819312736797,0.34822
30,2,"Mike ""The Miz"" Mizanin",Rank + Save,8,0,0,0.06411434586971909,0.19669177581525393,0.34822
30,2,Olivia Jade,Rank + Save,5,0,0,0.06553236568949533,0.20108262369982863,0.34822
30,2,Suni Lee,Rank + Save,4,0,0,0.068395197840352,0.20427218259255858,0.34822
30,3,Amanda Kloots,Rank + Save,1,0,0,0.06848694269818138,0.2093824299087998,0.0663
30,3,Brian Austin Green,Rank + Save,12,1,0,0.10539367856646112,0.22974092496725446,0.0663
30,3,Christine Chiu,Rank + Save,7,0,1,0.011873290714675706,0.031170544505476447,0.0663
30,3,Cody Rigsby,Rank + Save,14,1,0,0.11877461553370164,0.2514513519549631,0.0663
30,3,Iman Shumpert,Rank + Save,12,0,0,0.08002053357739786,0.2052504838218589,0.0663
30,3,Jimmie Allen,Rank + Save,10,0,0,0.07710688389125249,0.20815034562557977,0.0663
30,3,JoJo Siwa,Rank + Save,1,0,0,0.06761930495961807,0.2012257825629425,0.0663
30,3,Kenya Moore,Rank + Save,7,0,0,0.06536390383648412,0.19228580372356582,0.0663
30,3,Matt James,Rank + Save,10,0,0,0.07754894616090005,0.2013293391566518,0.0663
30,3,Melanie C,Rank + Save,5,0,0,0.06482169470193329,0.1974908339181354,0.0663
30,3,Melora Hardin,Rank + Save,4,0,0,0.06578384872124113,0.20369799279690304,0.0663
30,3,"Mike ""The Miz"" Mizanin",Rank + Save,5,0,0,0.06362452594922367,0.19469528440793177,0.0663
30,3,Olivia Jade,Rank + Save,1,0,0,0.06853277877121197,0.20251831641090842,0.0663
30,3,Suni Lee,Rank + Save,7,0,0,0.06504905191771763,0.1904614706164551,0.0663
30,4,Amanda Kloots,Rank + Save,4,0,0,0.0767569507923186,0.22120303691556165,0.33934
30,4,Brian Austin Green,Rank + Save,13,1,1,0.04245530299255891,0.08255427229950116,0.33934
30,4,Cody Rigsby,Rank + Save,11,0,0,0.07425899211744746,0.21182287610067746,0.33934
30,4,Iman Shumpert,Rank + Save,9,0,0,0.07740106915586628,0.208728116861032,0.33934
30,4,Jimmie Allen,Rank + Save,7,0,0,0.07432254836638967,0.2114345370230023,0.33934
30,4,JoJo Siwa,Rank + Save,2,0,0,0.07991959964802262,0.22314199923292166,0.33934
30,4,Kenya Moore,Rank + Save,10,0,0,0.07532278432300857,0.2090723367750778,0.33934
30,4,Matt James,Rank + Save,12,1,1,0.11174798846960414,0.2522987408585111,0.33934
30,4,Melanie C,Rank + Save,6,0,0,0.07459189766459479,0.2149944630122218,0.33934
30,4,Melora Hardin,Rank + Save,1,0,0,0.08218901302661456,0.22395710640320993,0.33934
30,4,"Mike ""The Miz"" Mizanin",Rank + Save,7,0,0,0.07482656174804417,0.2146895648802086,0.33934
30,4,Olivia Jade,Rank + Save,2,0,0,0.07895583867688422,0.22362129014049636,0.33934
30,4,Suni Lee,Rank + Save,4,0,0,0.07725145301864535,0.22100426844111448,0.33934
30,5,Amanda Kloots,Rank + Save,2,0,0,0.08045419554803615,0.19985176517872735,0.02752
30,5,Cody Rigsby,Rank + Save,9,1,0,0.13461019578285188,0.24977580757057752,0.02752
30,5,Iman Shumpert,Rank + Save,11,1,0,0.14712496216628745,0.302236380829116,0.02752
30,5,Jimmie Allen,Rank + Save,8,0,0,0.10555664338036942,0.23098688631604664,0.02752
30,5,JoJo Siwa,Rank + Save,1,0,0,0.0806000698118578,0.20941562939750263,0.02752
30,5,Kenya Moore,Rank + Save,3,0,0,0.07750896796833648,0.20343430736316354,0.02752
30,5,Melanie C,Rank + Save,3,0,1,0.019122363285115532,0.044389408717285146,0.02752
30,5,Melora Hardin,Rank + Save,3,0,0,0.07933383809629242,0.19677875753694832,0.02752
30,5,"Mike ""The Miz"" Mizanin",Rank + Save,9,0,0,0.12224963812209123,0.2274253364544964,0.02752
30,5,Olivia Jade,Rank + Save,3,0,0,0.0764678885803106,0.19547817867774991,0.02752
30,5,Suni Lee,Rank + Save,3,0,0,0.07697123725845093,0.19099136281089074,0.02752
30,6,Amanda Kloots,Rank + Save,3,0,0,0.09717887451581408,0.24688763225587995,0.49214
30,6,Cody Rigsby,Rank + Save,5,0,0,0.09418334537772084,0.2395177430428143,0.49214
30,6,Iman Shumpert,Rank + Save,1,0,0,0.10234721451172613,0.2521164442248168,0.49214
30,6,Jimmie Allen,Rank + Save,3,0,0,0.09607737834538771,0.24292439097766036,0.49214
30,6,JoJo Siwa,Rank + Save,1,0,0,0.10238542790146483,0.2527515445918532,0.49214
30,6,Kenya Moore,Rank + Save,10,1,1,0.0754365065976357,0.13437144198046663,0.49214
30,6,Melora Hardin,Rank + Save,8,1,0,0.14161274808357047,0.2821125623968387,0.49214
30,6,"Mike ""The Miz"" Mizanin",Rank + Save,8,0,0,0.0960133001558213,0.2441012169840519,0.49214
30,6,Olivia Jade,Rank + Save,5,0,0,0.09714884419847619,0.24059228090001833,0.49214
30,6,Suni Lee,Rank + Save,5,0,0,0.0976163603123829,0.24284416062513184,0.49214
30,7,Amanda Kloots,Rank + Save,6,1,0,0.15294020102216307,0.29495414001570724,0.5293
30,7,Cody Rigsby,Rank + Save,5,0,0,0.10831948785193285,0.2524600744267261,0.5293
30,7,Iman Shumpert,Rank + Save,6,0,0,0.10570593969559637,0.2524149252618139,0.5293
30,7,Jimmie Allen,Rank + Save,3,0,0,0.10747194453262744,0.26082862807415513,0.5293
30,7,JoJo Siwa,Rank + Save,2,0,0,0.109099181615804,0.26038762745740274,0.5293
30,7,Melora Hardin,Rank + Save,3,0,0,0.1080125164334047,0.25917450917287815,0.5293
30,7,"Mike ""The Miz"" Mizanin",Rank + Save,9,1,1,0.08989557267017467,0.15333629565914259,0.5293
30,7,Olivia Jade,Rank + Save,1,0,0,0.11830794459513146,0.27149409073999886,0.5293
30,7,Suni Lee,Rank + Save,6,0,0,0.10024721158316476,0.24879402951054239,0.5293
30,8,Amanda Kloots,Rank + Save,1,0,0,0.1208511476424926,0.2730844805265449,0.5084
30,8,Cody Rigsby,Rank + Save,5,0,0,0.11972513819193531,0.2658452027552535,0.5084
30,8,Iman Shumpert,Rank + Save,7,1,0,0.17391441001038305,0.30820712882423434,0.5084
30,8,Jimmie Allen,Rank + Save,8,1,1,0.10084699199959674,0.16575813738099168,0.5084
30,8,JoJo Siwa,Rank + Save,4,0,0,0.12671616199726177,0.27278668226994224,0.5084
30,8,Melora Hardin,Rank + Save,1,0,0,0.1220058715573303,0.27332003503533636,0.5084
30,8,Olivia Jade,Rank + Save,6,0,1,0.11465549965986235,0.26355912000765663,0.5084
30,8,Suni Lee,Rank + Save,1,0,0,0.12128477894113673,0.27218274160311934,0.5084
30,9,Amanda Kloots,Rank + Save,2,0,0,0.15612488959971293,0.3022813095892325,0.51472
30,9,Cody Rigsby,Rank + Save,6,1,0,0.2301451210746798,0.3532448440928029,0.51472
30,9,Iman Shumpert,Rank + Save,3,0,0,0.15642272030483065,0.3034091571025816,0.51472
30,9,JoJo Siwa,Rank + Save,1,0,0,0.15559708786630402,0.30799823506643986,0.51472
30,9,Melora Hardin,Rank + Save,5,1,1,0.14338103625294063,0.19946301054047,0.51472
30,9,Suni Lee,Rank + Save,3,0,1,0.15832914490153216,0.30696683326212376,0.51472
30,10,Amanda Kloots,Rank + Save,3,1,0,0.2484076433121019,0.0,1.0
30,10,Cody Rigsby,Rank + Save,4,1,0,0.2420382165605095,0.0,1.0
30,10,Iman Shumpert,Rank + Save,1,0,0,0.2547770700636942,0.0,1.0
30,10,JoJo Siwa,Rank + Save,1,0,0,0.2547770700636942,0.0,1.0
31,1,Charli D'Amelio,Rank + Save,1,0,0,0.08493644111838981,0.22805586167785963,0.27188
31,1,Cheryl Ladd,Rank + Save,9,0,0,0.05830570812001186,0.1870397745746378,0.27188
31,1,Daniel Durant,Rank + Save,5,0,0,0.07201967092594767,0.21099814199947947,0.27188
31,1,Gabby Windey,Rank + Save,3,0,0,0.07519060499816296,0.21348837772909643,0.27188
31,1,Heidi D'Amelio,Rank + Save,7,0,0,0.06448954652419342,0.19743753231663264,0.27188
31,1,Jason Lewis,Rank + Save,14,1,1,0.027914404352518456,0.05841915322935458,0.27188
31,1,Jessie James Decker,Rank + Save,11,0,0,0.05609140497729206,0.181884912138902,0.27188
31,1,Jordin Sparks,Rank + Save,6,0,0,0.06971052410850771,0.20863602116229873,0.27188
31,1,Joseph Baena,Rank + Save,8,0,0,0.06241511582992515,0.19138535021698513,0.27188
31,1,Sam Champion,Rank + Save,11,0,0,0.059764056193238206,0.1887999851753557,0.27188
31,1,Shangela,Rank + Save,3,0,0,0.07562860184413103,0.2136408146259394,0.27188
31,1,Teresa Giudice,Rank + Save,11,0,0,0.05940582635454154,0.18306457168452558,0.27188
31,1,Trevor Donovan,Rank + Save,9,0,0,0.059398757021558994,0.1848506879475269,0.27188
31,1,Vinny Guadagnino,Rank + Save,15,1,0,0.09747107473682133,0.23682994045969416,0.27188
31,1,Wayne Brady,Rank + Save,2,0,0,0.07725826289476019,0.21859131884058028,0.27188
31,2,Charli D'Amelio,Rank + Save,1,0,0,0.07911198153460246,0.22219287070039026,0.289
31,2,Cheryl Ladd,Rank + Save,14,1,0,0.10341060720804096,0.24756276131084776,0.289
31,2,Daniel Durant,Rank + Save,5,0,0,0.07151464003502908,0.21067912692221516,0.289
31,2,Gabby Windey,Rank + Save,1,0,0,0.0785691262582154,0.21740242561630227,0.289
31,2,Heidi D'Amelio,Rank + Save,6,0,0,0.06798744738862227,0.20558417690629496,0.289
31,2,Jessie James Decker,Rank + Save,11,0,0,0.06896256143800537,0.19981462930249783,0.289
31,2,Jordin Sparks,Rank + Save,8,0,0,0.06788977002162591,0.2054370231919721,0.289
31,2,Joseph Baena,Rank + Save,12,0,0,0.06856734720426805,0.1979601937378324,0.289
31,2,Sam Champion,Rank + Save,10,0,0,0.07066927552957478,0.203631917302111,0.289
31,2,Shangela,Rank + Save,6,0,0,0.06871947666390305,0.20397056558969906,0.289
31,2,Teresa Giudice,Rank + Save,13,1,1,0.03339679501734063,0.06746780603366709,0.289
31,2,Trevor Donovan,Rank + Save,4,0,0,0.07338350054175069,0.2138475576729142,0.289
31,2,Vinny Guadagnino,Rank + Save,8,0,0,0.06898936562256491,0.2052608245697295,0.289
31,2,Wayne Brady,Rank + Save,1,0,0,0.07882810553645675,0.22157488349695803,0.289
31,3,Charli D'Amelio,Rank + Save,1,0,0,0.08234197050413107,0.22282041441121234,0.27808
31,3,Cheryl Ladd,Rank + Save,12,1,1,0.03722802715483216,0.07179942334376073,0.27808
31,3,Daniel Durant,Rank + Save,5,0,0,0.0775999602992712,0.21740898443265952,0.27808
31,3,Gabby Windey,Rank + Save,1,0,0,0.08282823310236948,0.22465615984016038,0.27808
31,3,Heidi D'Amelio,Rank + Save,4,0,0,0.07977763968433713,0.22288226880749387,0.27808
31,3,Jessie James Decker,Rank + Save,10,0,0,0.07271729955428191,0.20898575730082738,0.27808
31,3,Jordin Sparks,Rank + Save,7,0,0,0.07456950236926212,0.21242572826226042,0.27808
31,3,Joseph Baena,Rank + Save,7,0,0,0.07438931693137628,0.21366399870491765,0.27808
31,3,Sam Champion,Rank + Save,11,0,0,0.07350179808005775,0.20775825133922324,0.27808
31,3,Shangela,Rank + Save,6,0,0,0.075977034361228,0.21592188784724958,0.27808
31,3,Trevor Donovan,Rank + Save,9,0,0,0.07503701022508126,0.20700167498322508,0.27808
31,3,Vinny Guadagnino,Rank + Save,13,1,0,0.11177183698778825,0.25183119337732013,0.27808
31,3,Wayne Brady,Rank + Save,1,0,0,0.08226037074598296,0.22344937752321592,0.27808
31,4,Charli D'Amelio,Rank + Save,1,0,0,0.089261411280516,0.23509827369682648,0.38438
31,4,Daniel Durant,Rank + Save,8,0,0,0.07663458888635279,0.21467215410050877,0.38438
31,4,Gabby Windey,Rank + Save,1,0,0,0.08938732410125608,0.2311924437318448,0.38438
31,4,Heidi D'Amelio,Rank + Save,4,0,0,0.08416383304002167,0.22906330235464745,0.38438
31,4,Jessie James Decker,Rank + Save,7,0,0,0.0797002701225374,0.21651577343607478,0.38438
31,4,Jordin Sparks,Rank + Save,4,0,0,0.08449009918592104,0.22623442860984558,0.38438
31,4,Joseph Baena,Rank + Save,10,1,0,0.11720890499073794,0.25666983514540864,0.38438
31,4,Sam Champion,Rank + Save,12,1,1,0.05076187317026419,0.09485807826523959,0.38438
31,4,Shangela,Rank + Save,6,0,0,0.08159774943353752,0.2191881067036872,0.38438
31,4,Trevor Donovan,Rank + Save,10,0,0,0.07797896629257745,0.2193064583490763,0.38438
31,4,Vinny Guadagnino,Rank + Save,8,0,0,0.07933174327135642,0.21596014536210523,0.38438
31,4,Wayne Brady,Rank + Save,1,0,0,0.08948323622492393,0.23535428652396184,0.38438
31,5,Charli D'Amelio,Rank + Save,1,0,0,0.09453958416037235,0.2403233248645666,0.47698
31,5,Daniel Durant,Rank + Save,10,1,0,0.12366360086279146,0.26710461185047807,0.47698
31,5,Gabby Windey,Rank + Save,2,0,0,0.0923824979911237,0.2365508112544413,0.47698
31,5,Heidi D'Amelio,Rank + Save,4,0,0,0.08821246239804595,0.23217609004465148,0.47698
31,5,Jessie James Decker,Rank + Save,6,0,0,0.08431737508657822,0.22550828056713076,0.47698
31,5,Jordin Sparks,Rank + Save,8,0,0,0.08696897646268531,0.226372201647701,0.47698
31,5,Joseph Baena,Rank + Save,9,0,1,0.0367597687978204,0.08117693573003956,0.47698
31,5,Shangela,Rank + Save,5,0,0,0.08819355141844971,0.23342225497177296,0.47698
31,5,Trevor Donovan,Rank + Save,6,0,0,0.08540961484275371,0.22655399289350978,0.47698
31,5,Vinny Guadagnino,Rank + Save,11,1,0,0.12762603722236399,0.26766026424445455,0.47698
31,5,Wayne Brady,Rank + Save,2,0,0,0.09192653075701537,0.23841474710677352,0.47698
31,6,Charli D'Amelio,Rank + Save,1,0,0,0.10810781187819948,0.25691161728884926,0.42728
31,6,Daniel Durant,Rank + Save,5,0,0,0.09505670759087831,0.2384760513686732,0.42728
31,6,Gabby Windey,Rank + Save,2,0,0,0.09905514060541255,0.24659802867265915,0.42728
31,6,Heidi D'Amelio,Rank + Save,3,0,0,0.09759547664934123,0.24457758081553352,0.42728
31,6,Jessie James Decker,Rank + Save,9,1,1,0.06772101846232355,0.11269890614429412,0.42728
31,6,Jordin Sparks,Rank + Save,5,0,0,0.09520290594491117,0.2385657882203355,0.42728
31,6,Shangela,Rank + Save,3,0,0,0.09816355642385728,0.2437502390376802,0.42728
31,6,Trevor Donovan,Rank + Save,5,0,0,0.09907425340015699,0.2450235664389251,0.42728
31,6,Vinny Guadagnino,Rank + Save,10,1,0,0.14189575575230776,0.2862144001928848,0.42728
31,6,Wayne Brady,Rank + Save,5,0,0,0.09812737329261038,0.24035408233380803,0.42728
31,7,Charli D'Amelio,Rank + Save,1,0,0,0.11073590989128061,0.26224893389378856,0.3415
31,7,Daniel Durant,Rank + Save,4,0,0,0.10787072025301617,0.25156424660375126,0.3415
31,7,Gabby Windey,Rank + Save,6,0,0,0.11328355753088205,0.2604019166726604,0.3415
31,7,Heidi D'Amelio,Rank + Save,7,0,0,0.1127112892882176,0.2553818075312254,0.3415
31,7,Jordin Sparks,Rank + Save,8,1,1,0.07221878210962678,0.11604318062190763,0.3415
31,7,Shangela,Rank + Save,4,0,0,0.10555857398681416,0.2525729510455884,0.3415
31,7,Trevor Donovan,Rank + Save,1,0,0,0.1113032751766402,0.2620362265271311,0.3415
31,7,Vinny Guadagnino,Rank + Save,9,1,0,0.15785857695283892,0.2952243574489107,0.3415
31,7,Wayne Brady,Rank + Save,3,0,0,0.10845931481068272,0.25527934752402215,0.3415
31,8,Charli D'Amelio,Rank + Save,1,0,0,0.12810284053144091,0.27857937822567197,0.37802
31,8,Daniel Durant,Rank + Save,5,0,0,0.12001243510701205,0.25968523053103937,0.37802
31,8,Gabby Windey,Rank + Save,4,0,0,0.11974442000908792,0.26099579305645526,0.37802
31,8,Heidi D'Amelio,Rank + Save,7,1,1,0.08471437382385738,0.12984115547801292,0.37802
31,8,Shangela,Rank + Save,3,0,0,0.12339267104790073,0.2689738121442189,0.37802
31,8,Trevor Donovan,Rank + Save,5,0,0,0.1230734254228262,0.26737072990513777,0.37802
31,8,Vinny Guadagnino,Rank + Save,8,1,1,0.1733706606830073,0.311934028197846,0.37802
31,8,Wayne Brady,Rank + Save,1,0,0,0.12758917337486753,0.27741717701518886,0.37802
31,9,Charli D'Amelio,Rank + Save,1,0,0,0.1610699784326432,0.3021496523229607,0.3956
31,9,Daniel Durant,Rank + Save,5,1,1,0.12607579176443118,0.16159215267689186,0.3956
31,9,Gabby Windey,Rank + Save,1,0,0,0.16140715739093375,0.30502701552090594,0.3956
31,9,Shangela,Rank + Save,3,0,0,0.16122038485589837,0.298258903294744,0.3956
31,9,Trevor Donovan,Rank + Save,6,1,1,0.22833272184638032,0.3528651633075023,0.3956
31,9,Wayne Brady,Rank + Save,3,0,0,0.16189396570971126,0.2974446429690335,0.3956
31,10,Charli D'Amelio,Rank + Save,1,0,0,0.2564102564102564,0.0,1.0
31,10,Gabby Windey,Rank + Save,1,0,0,0.2564102564102564,0.0,1.0
31,10,Shangela,Rank + Save,3,1,0,0.2435897435897435,0.0,1.0
31,10,Wayne Brady,Rank + Save,3,1,0,0.2435897435897435,0.0,1.0
32,1,Adrian Peterson,Rank + Save,5,0,0,0.07259071930230365,0.21114921940785353,0.21924
32,1,Alyson Hannigan,Rank + Save,11,0,0,0.06189466875590562,0.1860383698458362,0.21924
32,1,Ariana Madix,Rank + Save,2,0,0,0.08421821507498202,0.23213044377369102,0.21924
32,1,Barry Williams,Rank + Save,8,0,0,0.06665539798184449,0.20002207177351589,0.21924
32,1,Charity Lawson,Rank + Save,1,0,0,0.08870990600811855,0.23155988397845703,0.21924
32,1,Harry Jowsey,Rank + Save,12,1,0,0.1014202606406931,0.24141383307625452,0.21924
32,1,Jamie Lynn Spears,Rank + Save,9,0,0,0.06484480781972723,0.19348775784253458,0.21924
32,1,Jason Mraz,Rank + Save,2,0,0,0.08452756465451536,0.22599974046110213,0.21924
32,1,Lele Pons,Rank + Save,4,0,0,0.07741026619512592,0.2168063233645312,0.21924
32,1,Matt Walsh,Rank + Save,12,1,1,0.028526393319596173,0.057906811016282214,0.21924
32,1,Mauricio Umansky,Rank + Save,9,0,0,0.06757548002662522,0.20080662398546986,0.21924
32,1,Mira Sorvino,Rank + Save,7,0,0,0.06991967043452915,0.203430869536708,0.21924
32,1,Tyson Beckford,Rank + Save,12,0,0,0.059023266604047345,0.18272880316329662,0.21924
32,1,Xochitl Gomez,Rank + Save,5,0,0,0.07268338318198614,0.2121836869475457,0.21924
32,2,Adrian Peterson,Rank + Save,10,1,0,0.10218924203601554,0.24420570629965627,0.32464
32,2,Alyson Hannigan,Rank + Save,6,0,0,0.07329632273530634,0.21026455157064225,0.32464
32,2,Ariana Madix,Rank + Save,5,0,0,0.07754912547642454,0.21769891156912627,0.32464
32,2,Barry Williams,Rank + Save,10,0,0,0.0642114497813107,0.1876957666896353,0.32464
32,2,Charity Lawson,Rank + Save,3,0,0,0.07974407764275829,0.22100864717191068,0.32464
32,2,Harry Jowsey,Rank + Save,10,0,0,0.06446648372303271,0.19422698833906607,0.32464
32,2,Jamie Lynn Spears,Rank + Save,9,0,1,0.01900049575042427,0.04927572167277736,0.32464
32,2,Jason Mraz,Rank + Save,1,0,0,0.09204431256040134,0.23726069190049878,0.32464
32,2,Lele Pons,Rank + Save,3,0,0,0.07969555946552598,0.2212481274007825,0.32464
32,2,Mauricio Umansky,Rank + Save,13,1,0,0.11302056351455884,0.24740103885422887,0.32464
32,2,Mira Sorvino,Rank + Save,7,0,0,0.07209699911172669,0.20390374600000383,0.32464
32,2,Tyson Beckford,Rank + Save,7,0,0,0.07221250969582649,0.20420726107089518,0.32464
32,2,Xochitl Gomez,Rank + Save,1,0,0,0.09047285850668818,0.23494148836941198,0.32464
32,3,Adrian Peterson,Rank + Save,11,1,0,0.1183453949402826,0.2629201126653892,0.41306
32,3,Alyson Hannigan,Rank + Save,8,0,0,0.07344611534257803,0.21054744694397368,0.41306
32,3,Ariana Madix,Rank + Save,1,0,0,0.09794778407720754,0.244379292968533,0.41306
32,3,Barry Williams,Rank + Save,7,0,0,0.07425610869874096,0.20992260277449365,0.41306
32,3,Charity Lawson,Rank + Save,3,0,0,0.0918912494823781,0.23707653248721422,0.41306
32,3,Harry Jowsey,Rank + Save,8,0,0,0.07415320038816142,0.20929710952824776,0.41306
32,3,Jason Mraz,Rank + Save,1,0,0,0.09810562095948815,0.2446735183640014,0.41306
32,3,Lele Pons,Rank + Save,5,0,0,0.07822109487601568,0.21880156565633718,0.41306
32,3,Mauricio Umansky,Rank + Save,10,0,0,0.07385663973783771,0.21502702788466893,0.41306
32,3,Mira Sorvino,Rank + Save,6,0,0,0.07562889276268688,0.21467877739481375,0.41306
32,3,Tyson Beckford,Rank + Save,12,1,1,0.05183830626165972,0.09728616365506318,0.41306
32,3,Xochitl Gomez,Rank + Save,3,0,0,0.0923095924729647,0.2371334975706779,0.41306
32,4,Adrian Peterson,Rank + Save,6,0,1,0.024388561697993135,0.05633810946560743,0.19438
32,4,Alyson Hannigan,Rank + Save,10,1,0,0.13053395149697175,0.2653854365696417,0.19438
32,4,Ariana Madix,Rank + Save,2,0,0,0.09135383833493699,0.23111956157251148,0.19438
32,4,Barry Williams,Rank + Save,10,1,0,0.13556534611636112,0.27127420270289077,0.19438
32,4,Charity Lawson,Rank + Save,3,0,0,0.08823711950038773,0.2322182695633633,0.19438
32,4,Harry Jowsey,Rank + Save,6,0,0,0.08531876299689918,0.21469906894082738,0.19438
32,4,Jason Mraz,Rank + Save,3,0,0,0.08872185590665961,0.23312851248713057,0.19438
32,4,Lele Pons,Rank + Save,5,0,0,0.08651050416113312,0.21838769325177965,0.19438
32,4,Mauricio Umansky,Rank + Save,9,0,0,0.08546525091277654,0.21893169393482928,0.19438
32,4,Mira Sorvino,Rank + Save,6,0,0,0.08607720933503667,0.22046133068832974,0.19438
32,4,Xochitl Gomez,Rank + Save,1,0,0,0.09782759954084339,0.243444261139375,0.19438
32,5,Alyson Hannigan,Rank + Save,9,1,0,0.1334298747877113,0.2790433985479353,0.65938
32,5,Ariana Madix,Rank + Save,4,0,0,0.09250624754482023,0.2397986850811194,0.65938
32,5,Barry Williams,Rank + Save,4,0,0,0.09247680888362855,0.2365618761902368,0.65938
32,5,Charity Lawson,Rank + Save,1,0,0,0.10553592918946585,0.25268959296672017,0.65938
32,5,Harry Jowsey,Rank + Save,10,1,0,0.13305213051409193,0.2777243488069252,0.65938
32,5,Jason Mraz,Rank + Save,3,0,0,0.10305097054293687,0.24946373684796058,0.65938
32,5,Lele Pons,Rank + Save,4,0,0,0.09202829970262248,0.2359550597526692,0.65938
32,5,Mauricio Umansky,Rank + Save,4,0,0,0.09274581228760496,0.23759022460274537,0.65938
32,5,Mira Sorvino,Rank + Save,8,0,1,0.04917068794554223,0.10267581248974145,0.65938
32,5,Xochitl Gomez,Rank + Save,1,0,0,0.10600323860157479,0.2517874305942372,0.65938
32,6,Alyson Hannigan,Rank + Save,8,1,0,0.15181648835311432,0.28889173268174656,0.34736
32,6,Ariana Madix,Rank + Save,2,0,0,0.11267184206311989,0.26006521578668185,0.34736
32,6,Barry Williams,Rank + Save,7,0,0,0.10216951562262819,0.2370724613414567,0.34736
32,6,Charity Lawson,Rank + Save,4,0,0,0.1078003255957107,0.2528982727901202,0.34736
32,6,Harry Jowsey,Rank + Save,9,1,0,0.1548678280131024,0.2894713267347198,0.34736
32,6,Jason Mraz,Rank + Save,3,0,0,0.10670301957325969,0.2514680470259304,0.34736
32,6,Lele Pons,Rank + Save,5,0,0,0.10921226705431122,0.24898778108022673,0.34736
32,6,Mauricio Umansky,Rank + Save,6,0,1,0.03917103205111489,0.08035266579726219,0.34736
32,6,Xochitl Gomez,Rank + Save,1,0,0,0.11558768167363925,0.26457628035641845,0.34736
32,7,Alyson Hannigan,Rank + Save,6,0,0,0.13537960139499539,0.2556566437440644,0.1565
32,7,Ariana Madix,Rank + Save,1,0,0,0.11199266381581975,0.24951131309194075,0.1565
32,7,Barry Williams,Rank + Save,7,1,0,0.17535486781484774,0.29885499994772935,0.1565
32,7,Charity Lawson,Rank + Save,4,0,0,0.11982059365420818,0.24210225557890855,0.1565
32,7,Harry Jowsey,Rank + Save,8,1,0,0.1815374866547915,0.3202978118031724,0.1565
32,7,Jason Mraz,Rank + Save,4,0,0,0.11832178411971093,0.24015901385662286,0.1565
32,7,Lele Pons,Rank + Save,3,0,1,0.04432351979617301,0.08155731939508984,0.1565
32,7,Xochitl Gomez,Rank + Save,1,0,0,0.11326948274945374,0.25585364459127125,0.1565
32,8,Alyson Hannigan,Rank + Save,4,0,0,0.1355182254017288,0.2727115160051056,0.49462
32,8,Ariana Madix,Rank + Save,1,0,0,0.14363300787729788,0.2905935868831985,0.49462
32,8,Barry Williams,Rank + Save,5,0,1,0.071117776190442,0.12463107990434841,0.49462
32,8,Charity Lawson,Rank + Save,3,0,0,0.13407580397538876,0.2812688324185893,0.49462
32,8,Harry Jowsey,Rank + Save,7,1,0,0.19021585846187739,0.3264255132998114,0.49462
32,8,Jason Mraz,Rank + Save,6,1,0,0.18732349273316187,0.31448095600425746,0.49462
32,8,Xochitl Gomez,Rank + Save,2,0,0,0.13811583536010305,0.27981146316419,0.49462
32,9,Alyson Hannigan,Rank + Save,5,1,0,0.21644739513855885,0.34728761564783883,0.67532
32,9,Ariana Madix,Rank + Save,4,0,0,0.1497845558897749,0.3035901658788642,0.67532
32,9,Charity Lawson,Rank + Save,3,0,0,0.15068105513698943,0.30120147652701723,0.67532
32,9,Harry Jowsey,Rank + Save,6,1,1,0.15457226585652856,0.22953373655912396,0.67532
32,9,Jason Mraz,Rank + Save,1,0,0,0.16602880080923224,0.3161027665764223,0.67532
32,9,Xochitl Gomez,Rank + Save,2,0,0,0.16248592716891455,0.31197877686063263,0.67532
32,10,Alyson Hannigan,Rank + Save,5,1,0,0.1789473684210526,0.0,1.0
32,10,Ariana Madix,Rank + Save,3,0,0,0.2035087719298245,0.0,1.0
32,10,Charity Lawson,Rank + Save,2,0,0,0.2070175438596491,0.0,1.0
32,10,Jason Mraz,Rank + Save,4,1,0,0.2,0.0,1.0
32,10,Xochitl Gomez,Rank + Save,1,0,0,0.2105263157894736,0.0,1.0
32,11,Alyson Hannigan,Rank + Save,5,1,0,0.1821305841924398,0.0,1.0
32,11,Ariana Madix,Rank + Save,3,1,0,0.2027491408934708,0.0,1.0
32,11,Charity Lawson,Rank + Save,3,0,0,0.2027491408934708,0.0,1.0
32,11,Jason Mraz,Rank + Save,1,0,0,0.2061855670103092,0.0,1.0
32,11,Xochitl Gomez,Rank + Save,1,0,0,0.2061855670103092,0.0,1.0
33,1,Anna Delvey,Rank + Save,8,0,0,0.0728744939271255,0.0,1.0
33,1,Brooks Nader,Rank + Save,8,0,0,0.0728744939271255,0.0,1.0
33,1,Chandler Kinney,Rank + Save,1,0,0,0.0931174089068826,0.0,1.0
33,1,Danny Amendola,Rank + Save,5,0,0,0.0809716599190283,0.0,1.0
33,1,Dwight Howard聽,Rank + Save,2,0,0,0.0890688259109311,0.0,1.0
33,1,Eric Roberts,Rank + Save,13,1,0,0.0607287449392712,0.0,1.0
33,1,Ilona Maher,Rank + Save,8,0,0,0.0728744939271255,0.0,1.0
33,1,Jenn Tran,Rank + Save,6,0,0,0.0769230769230769,0.0,1.0
33,1,Joey Graziadei,Rank + Save,3,0,0,0.0850202429149797,0.0,1.0
33,1,Phaedra Parks,Rank + Save,6,0,0,0.0769230769230769,0.0,1.0
33,1,Reginald VelJohnson,Rank + Save,12,1,0,0.0647773279352226,0.0,1.0
33,1,Stephen Nedoroscik,Rank + Save,3,0,0,0.0850202429149797,0.0,1.0
33,1,Tori Spelling,Rank + Save,11,0,0,0.068825910931174,0.0,1.0
33,2,Anna Delvey,Rank + Save,11,0,1,0.026605385664056708,0.06697072634000045,0.54052
33,2,Brooks Nader,Rank + Save,8,0,0,0.07330080459714686,0.20891853016979806,0.54052
33,2,Chandler Kinney,Rank + Save,1,0,0,0.08561248488621255,0.22892564373505725,0.54052
33,2,Danny Amendola,Rank + Save,5,0,0,0.07542500483849686,0.21440621983844196,0.54052
33,2,Dwight Howard聽,Rank + Save,2,0,0,0.0779397408308326,0.21818920075322043,0.54052
33,2,Eric Roberts,Rank + Save,12,1,0,0.10437397648607577,0.24962944859722447,0.54052
33,2,Ilona Maher,Rank + Save,5,0,0,0.07541348024236426,0.2219970394979542,0.54052
33,2,Jenn Tran,Rank + Save,9,0,0,0.07158223792829374,0.20699393686532688,0.54052
33,2,Joey Graziadei,Rank + Save,2,0,0,0.0784969954500248,0.22001264583329602,0.54052
33,2,Phaedra Parks,Rank + Save,5,0,0,0.07546713134010007,0.21596220590184534,0.54052
33,2,Reginald VelJohnson,Rank + Save,12,1,0,0.10485255103256093,0.24544687836515003,0.54052
33,2,Stephen Nedoroscik,Rank + Save,2,0,0,0.07856318945136612,0.21927191011661523,0.54052
33,2,Tori Spelling,Rank + Save,9,0,1,0.07236701725246936,0.20601439487192308,0.54052
33,3,Brooks Nader,Rank + Save,5,0,0,0.0896477328147259,0.23484961865507686,0.32916
33,3,Chandler Kinney,Rank + Save,2,0,0,0.09896660199888643,0.24605605025248278,0.32916
33,3,Danny Amendola,Rank + Save,6,0,0,0.09002680821953334,0.23098936260043176,0.32916
33,3,Dwight Howard聽,Rank + Save,9,0,0,0.08204967818810208,0.22103898163527008,0.32916
33,3,Eric Roberts,Rank + Save,10,1,1,0.05196230482525998,0.09402607112489372,0.32916
33,3,Ilona Maher,Rank + Save,7,0,0,0.08657173648504532,0.2245088307879653,0.32916
33,3,Jenn Tran,Rank + Save,3,0,0,0.08939834985549466,0.23161714544764983,0.32916
33,3,Joey Graziadei,Rank + Save,1,0,0,0.10111112180735563,0.2502926893483139,0.32916
33,3,Phaedra Parks,Rank + Save,7,0,0,0.08913591097673422,0.22732671497635962,0.32916
33,3,Reginald VelJohnson,Rank + Save,11,1,1,0.13178447062552015,0.26703232448102526,0.32916
33,3,Stephen Nedoroscik,Rank + Save,3,0,0,0.08934528420334172,0.23272682738657471,0.32916
33,4,Brooks Nader,Rank + Save,4,1,1,0.04569208609844972,0.07256963738482677,0.1034
33,4,Chandler Kinney,Rank + Save,4,0,0,0.11234134107665726,0.24568481824675428,0.1034
33,4,Danny Amendola,Rank + Save,1,0,0,0.11171933365732584,0.2563231081963114,0.1034
33,4,Dwight Howard聽,Rank + Save,9,1,0,0.16706468812331968,0.3030665533950831,0.1034
33,4,Ilona Maher,Rank + Save,4,0,0,0.11117315576556304,0.24496007592511423,0.1034
33,4,Jenn Tran,Rank + Save,4,0,0,0.11337024077183849,0.24649252734831129,0.1034
33,4,Joey Graziadei,Rank + Save,1,0,0,0.10969437937034707,0.25098202238635825,0.1034
33,4,Phaedra Parks,Rank + Save,4,0,0,0.11167985576252963,0.24719596585504758,0.1034
33,4,Stephen Nedoroscik,Rank + Save,3,0,0,0.11726491937396898,0.2486372695467655,0.1034
33,5,Chandler Kinney,Rank + Save,1,0,0,0.12151201126614614,0.2710692115193873,0.64572
33,5,Danny Amendola,Rank + Save,4,0,0,0.11935340896941517,0.26737518541631894,0.64572
33,5,Dwight Howard聽,Rank + Save,6,1,0,0.16748010185202136,0.3078824802101843,0.64572
33,5,Ilona Maher,Rank + Save,2,0,0,0.11743320320929959,0.2678799290267047,0.64572
33,5,Jenn Tran,Rank + Save,4,0,0,0.12001732597060938,0.26719323045994464,0.64572
33,5,Joey Graziadei,Rank + Save,2,0,0,0.1170390544398974,0.26774596618293567,0.64572
33,5,Phaedra Parks,Rank + Save,6,0,1,0.06987910545707418,0.13080885137735956,0.64572
33,5,Stephen Nedoroscik,Rank + Save,6,1,0,0.16728578883553624,0.30692099004339535,0.64572
33,6,Chandler Kinney,Rank + Save,1,0,0,0.13285958274591236,0.2713621806307382,0.2425
33,6,Danny Amendola,Rank + Save,5,1,0,0.18934449510958357,0.3010083777557062,0.2425
33,6,Dwight Howard聽,Rank + Save,3,0,0,0.14440042357776442,0.25966877454481496,0.2425
33,6,Ilona Maher,Rank + Save,7,1,0,0.20107983061317652,0.3326171170138373,0.2425
33,6,Jenn Tran,Rank + Save,3,0,1,0.06132792505851121,0.10260514917527312,0.2425
33,6,Joey Graziadei,Rank + Save,1,0,0,0.13414542395102938,0.26931025876478526,0.2425
33,6,Stephen Nedoroscik,Rank + Save,5,0,0,0.13684231894402382,0.2706244966271213,0.2425
33,7,Chandler Kinney,Rank + Save,1,0,0,0.16256388998726481,0.3146193444272019,0.56922
33,7,Danny Amendola,Rank + Save,5,1,0,0.22358122538197506,0.3463779305828186,0.56922
33,7,Dwight Howard聽,Rank + Save,6,1,1,0.1488211925278805,0.21611850716920306,0.56922
33,7,Ilona Maher,Rank + Save,4,0,0,0.1520306926490158,0.3064507937143132,0.56922
33,7,Joey Graziadei,Rank + Save,2,0,0,0.15390924887005214,0.3023261622210672,0.56922
33,7,Stephen Nedoroscik,Rank + Save,3,0,0,0.15909375058381117,0.3046986757293897,0.56922
33,8,Chandler Kinney,Rank + Save,1,0,0,0.2071428571428571,0.0,1.0
33,8,Danny Amendola,Rank + Save,4,1,0,0.1928571428571428,0.0,1.0
33,8,Ilona Maher,Rank + Save,3,0,0,0.2035714285714285,0.0,1.0
33,8,Joey Graziadei,Rank + Save,1,0,0,0.2071428571428571,0.0,1.0
33,8,Stephen Nedoroscik,Rank + Save,5,1,0,0.1892857142857142,0.0,1.0
33,9,Chandler Kinney,Rank + Save,1,0,0,0.2061855670103092,0.0,1.0
33,9,Danny Amendola,Rank + Save,5,1,0,0.1924398625429553,0.0,1.0
33,9,Ilona Maher,Rank + Save,4,1,0,0.1958762886597938,0.0,1.0
33,9,Joey Graziadei,Rank + Save,2,0,0,0.2027491408934708,0.0,1.0
33,9,Stephen Nedoroscik,Rank + Save,2,0,0,0.2027491408934708,0.0,1.0
34,1,Alix Earle,Rank + Save,4,0,0,0.0792682926829268,0.0,1.0
34,1,Andy Richter,Rank + Save,13,1,0,0.0548780487804878,0.0,1.0
34,1,Baron Davis,Rank + Save,9,0,0,0.0609756097560975,0.0,1.0
34,1,Corey Feldman,Rank + Save,13,1,0,0.0548780487804878,0.0,1.0
34,1,Danielle Fishel,Rank + Save,6,0,0,0.073170731707317,0.0,1.0
34,1,Dylan Efron,Rank + Save,9,0,0,0.0609756097560975,0.0,1.0
34,1,Elaine Hendrix,Rank + Save,6,0,0,0.073170731707317,0.0,1.0
34,1,Hilaria Baldwin,Rank + Save,3,0,0,0.0853658536585365,0.0,1.0
34,1,Jen Affleck,Rank + Save,6,0,0,0.073170731707317,0.0,1.0
34,1,Jordan Chiles,Rank + Save,9,0,0,0.0609756097560975,0.0,1.0
34,1,Lauren Jauregui,Rank + Save,4,0,0,0.0792682926829268,0.0,1.0
34,1,Robert Irwin,Rank + Save,1,0,0,0.0914634146341463,0.0,1.0
34,1,Scott Hoying,Rank + Save,9,0,0,0.0609756097560975,0.0,1.0
34,1,Whitney Leavitt,Rank + Save,1,0,0,0.0914634146341463,0.0,1.0
34,2,Alix Earle,Rank + Save,5,0,0,0.07022524009743226,0.20635523599590525,0.37684
34,2,Andy Richter,Rank + Save,13,1,0,0.09948444274581159,0.23674901792086367,0.37684
34,2,Baron Davis,Rank + Save,11,0,1,0.019957842913510028,0.05235610486577166,0.37684
34,2,Corey Feldman,Rank + Save,14,1,1,0.10107506062042014,0.23971315843126095,0.37684
34,2,Danielle Fishel,Rank + Save,10,0,0,0.07030749892792847,0.20261854161716186,0.37684
34,2,Dylan Efron,Rank + Save,9,0,0,0.07164740453177673,0.20403510863005578,0.37684
34,2,Elaine Hendrix,Rank + Save,5,0,0,0.06958193286383266,0.20690280321907667,0.37684
34,2,Hilaria Baldwin,Rank + Save,5,0,0,0.07007208088989547,0.20435440687786663,0.37684
34,2,Jen Affleck,Rank + Save,1,0,0,0.07238700852946828,0.21021149774229278,0.37684
34,2,Jordan Chiles,Rank + Save,1,0,0,0.0729250151522594,0.21093449498683503,0.37684
34,2,Lauren Jauregui,Rank + Save,5,0,0,0.07032283775661821,0.2077801537781476,0.37684
34,2,Robert Irwin,Rank + Save,1,0,0,0.07299458875034225,0.21221411573276516,0.37684
34,2,Scott Hoying,Rank + Save,11,0,0,0.06676201283545632,0.1979681280884408,0.37684
34,2,Whitney Leavitt,Rank + Save,1,0,0,0.07225703338525015,0.20902802990864916,0.37684
34,3,Alix Earle,Rank + Save,3,0,0,0.08371425537927418,0.23158362132383306,0.36628
34,3,Andy Richter,Rank + Save,11,1,0,0.12074151219709424,0.2635933545450149,0.36628
34,3,Danielle Fishel,Rank + Save,8,0,0,0.0828208638178008,0.22272179897528677,0.36628
34,3,Dylan Efron,Rank + Save,3,0,0,0.08325783486676624,0.22820962360783859,0.36628
34,3,Elaine Hendrix,Rank + Save,8,0,0,0.08360379448004025,0.22263992429939716,0.36628
34,3,Hilaria Baldwin,Rank + Save,5,0,0,0.08074587406724466,0.22310915666275533,0.36628
34,3,Jen Affleck,Rank + Save,10,0,0,0.07866696618864785,0.21853445316430437,0.36628
34,3,Jordan Chiles,Rank + Save,1,0,0,0.08744904120349756,0.2334701697879189,0.36628
34,3,Lauren Jauregui,Rank + Save,11,1,1,0.048898191756895464,0.0903418188768039,0.36628
34,3,Robert Irwin,Rank + Save,5,0,0,0.08086429116450558,0.22418055128335382,0.36628
34,3,Scott Hoying,Rank + Save,5,0,0,0.0815624825846469,0.2218232261624018,0.36628
34,3,Whitney Leavitt,Rank + Save,1,0,0,0.08767489229358735,0.23032238388119708,0.36628
34,4,Alix Earle,Rank + Save,2,0,0,0.08148741375935523,0.21823608831317884,0.0979
34,4,Andy Richter,Rank + Save,11,1,0,0.13886434933706324,0.2794521426391615,0.0979
34,4,Danielle Fishel,Rank + Save,9,1,0,0.13191925599578835,0.2695683769715291,0.0979
34,4,Dylan Efron,Rank + Save,5,0,0,0.08311984618982536,0.21318921598025775,0.0979
34,4,Elaine Hendrix,Rank + Save,2,0,0,0.08179318646174877,0.21937755868852693,0.0979
34,4,Hilaria Baldwin,Rank + Save,5,0,1,0.02322010495340708,0.05244083033863564,0.0979
34,4,Jen Affleck,Rank + Save,5,0,0,0.0846717995763855,0.21948348538012985,0.0979
34,4,Jordan Chiles,Rank + Save,2,0,0,0.08140140479516944,0.2238056991712286,0.0979
34,4,Robert Irwin,Rank + Save,8,0,0,0.10418643241518297,0.22085351981040532,0.0979
34,4,Scott Hoying,Rank + Save,9,0,0,0.10438317717959543,0.2325731522391785,0.0979
34,4,Whitney Leavitt,Rank + Save,1,0,0,0.08495302933647922,0.22270968209943165,0.0979
34,5,Alix Earle,Rank + Save,2,0,0,0.1118210862619808,0.0,1.0
34,5,Andy Richter,Rank + Save,10,1,0,0.0766773162939297,0.0,1.0
34,5,Danielle Fishel,Rank + Save,8,1,0,0.0926517571884984,0.0,1.0
34,5,Dylan Efron,Rank + Save,1,0,0,0.1150159744408945,0.0,1.0
34,5,Elaine Hendrix,Rank + Save,6,0,0,0.0958466453674121,0.0,1.0
34,5,Jen Affleck,Rank + Save,8,0,0,0.0926517571884984,0.0,1.0
34,5,Jordan Chiles,Rank + Save,5,0,0,0.1022364217252396,0.0,1.0
34,5,Robert Irwin,Rank + Save,2,0,0,0.1118210862619808,0.0,1.0
34,5,Scott Hoying,Rank + Save,6,0,0,0.0958466453674121,0.0,1.0
34,5,Whitney Leavitt,Rank + Save,4,0,0,0.1054313099041533,0.0,1.0
34,6,Alix Earle,Rank + Save,6,0,0,0.10150876713523495,0.24367089103220868,0.42316
34,6,Andy Richter,Rank + Save,10,1,0,0.14153522688821432,0.2830049510666928,0.42316
34,6,Danielle Fishel,Rank + Save,3,0,0,0.09696087140060253,0.24661182969811224,0.42316
34,6,Dylan Efron,Rank + Save,7,0,0,0.09485705063815325,0.2379100225382292,0.42316
34,6,Elaine Hendrix,Rank + Save,3,0,0,0.0968971981295221,0.24302359697808493,0.42316
34,6,Jen Affleck,Rank + Save,7,0,0,0.09503399239799844,0.23546820456642772,0.42316
34,6,Jordan Chiles,Rank + Save,1,0,0,0.1043566652860597,0.2534436638662733,0.42316
34,6,Robert Irwin,Rank + Save,3,0,0,0.09648185937252124,0.24148714575736382,0.42316
34,6,Scott Hoying,Rank + Save,9,1,1,0.06817987052022693,0.12088133917271149,0.42316
34,6,Whitney Leavitt,Rank + Save,1,0,0,0.10418849823146778,0.2529895250437146,0.42316
34,7,Alix Earle,Rank + Save,1,0,0,0.11651688728200169,0.26676332654659324,0.50484
34,7,Andy Richter,Rank + Save,9,1,0,0.15006250592646628,0.2917531356805142,0.50484
34,7,Danielle Fishel,Rank + Save,6,0,0,0.10366567566914994,0.245302127609199,0.50484
34,7,Dylan Efron,Rank + Save,4,0,0,0.10550078712276802,0.25034854246583454,0.50484
34,7,Elaine Hendrix,Rank + Save,8,1,0,0.14792297798532789,0.2837391778476819,0.50484
34,7,Jen Affleck,Rank + Save,7,0,1,0.04822261799736247,0.09803687982761224,0.50484
34,7,Jordan Chiles,Rank + Save,4,0,0,0.10385356346875443,0.24838884063057173,0.50484
34,7,Robert Irwin,Rank + Save,3,0,0,0.11139967025864016,0.2576984293801192,0.50484
34,7,Whitney Leavitt,Rank + Save,2,0,0,0.1128553142895286,0.25747836593058604,0.50484
34,8,Alix Earle,Rank + Save,3,0,0,0.11855419718872286,0.2682123832195486,0.3621
34,8,Andy Richter,Rank + Save,8,1,0,0.17707821399399457,0.3084723995594632,0.3621
34,8,Danielle Fishel,Rank + Save,7,1,1,0.08671718196642526,0.12942252643719648,0.3621
34,8,Dylan Efron,Rank + Save,4,0,0,0.12494379142704039,0.2672084110472203,0.3621
34,8,Elaine Hendrix,Rank + Save,6,0,0,0.12758041563489764,0.27550522488237916,0.3621
34,8,Jordan Chiles,Rank + Save,2,0,0,0.12014971569893002,0.271484904108872,0.3621
34,8,Robert Irwin,Rank + Save,4,0,0,0.12441051723621037,0.2678144569780823,0.3621
34,8,Whitney Leavitt,Rank + Save,1,0,0,0.12056596685377917,0.27450046808427664,0.3621
34,9,Alix Earle,Rank + Save,4,0,0,0.13783843409419158,0.283746927798898,0.6607
34,9,Andy Richter,Rank + Save,7,1,1,0.13269160955822026,0.21681179103006956,0.6607
34,9,Dylan Efron,Rank + Save,1,0,0,0.13585634158114815,0.29186229075415443,0.6607
34,9,Elaine Hendrix,Rank + Save,6,1,0,0.18928803524214402,0.32834021018418613,0.6607
34,9,Jordan Chiles,Rank + Save,5,0,0,0.13362894833008782,0.2854749367161832,0.6607
34,9,Robert Irwin,Rank + Save,1,0,0,0.13560721033645057,0.2899273465849926,0.6607
34,9,Whitney Leavitt,Rank + Save,1,0,0,0.13508942085775877,0.29109102203080467,0.6607
34,10,Alix Earle,Rank + Save,2,0,0,0.16211323128549704,0.2668942520834975,0.25568
34,10,Dylan Efron,Rank + Save,6,1,0,0.22787718998810738,0.34934522705921933,0.25568
34,10,Elaine Hendrix,Rank + Save,4,1,0,0.21455029598566802,0.31286671922342146,0.25568
34,10,Jordan Chiles,Rank + Save,4,0,0,0.17177552748082298,0.28321004807100325,0.25568
34,10,Robert Irwin,Rank + Save,1,0,0,0.14821054126408714,0.28192897618147345,0.25568
34,10,Whitney Leavitt,Rank + Save,2,0,1,0.0754732139958176,0.11786724044670856,0.25568
34,11,Alix Earle,Rank + Save,1,0,0,0.2031609129238783,0.0,1.0
34,11,Dylan Efron,Rank + Save,4,1,0,0.1986453230326235,0.0,1.0
34,11,Elaine Hendrix,Rank + Save,5,1,0,0.1963875280869962,0.0,1.0
34,11,Jordan Chiles,Rank + Save,2,0,0,0.2009031179782509,0.0,1.0
34,11,Robert Irwin,Rank + Save,2,0,0,0.2009031179782509,0.0,1.0
