season,week,celebrity_name,era,judge_rank,is_eliminated,estimated_fan_share,uncertainty_95ci,valid_rate,certainty_score
1,1.0,Evander Holyfield,Rank,4.0,0,0.1651376146788991,0.0,1.0,1.0
1,1.0,Joey McIntyre,Rank,1.0,0,0.1834862385321101,0.0,1.0,1.0
1,1.0,John O'Hurley,Rank,1.0,0,0.1834862385321101,0.0,1.0,1.0
1,1.0,Kelly Monaco,Rank,6.0,0,0.1192660550458715,0.0,1.0,1.0
1,1.0,Rachel Hunter,Rank,1.0,0,0.1834862385321101,0.0,1.0,1.0
1,1.0,Trista Sutter,Rank,4.0,0,0.1651376146788991,0.0,1.0,1.0
1,2.0,Evander Holyfield,Rank,6.0,0,0.2472326043101691,0.3770569997561598,0.09402,0.6229430002438402
1,2.0,Joey McIntyre,Rank,3.0,0,0.1315097145746579,0.357289394122401,0.09402,0.642710605877599
1,2.0,John O'Hurley,Rank,1.0,0,0.1331185094991857,0.4002097722821998,0.09402,0.5997902277178002
1,2.0,Kelly Monaco,Rank,5.0,0,0.1993486524031834,0.3914128311997329,0.09402,0.6085871688002671
1,2.0,Rachel Hunter,Rank,2.0,0,0.1224461280177407,0.3983694494228003,0.09402,0.6016305505771997
1,2.0,Trista Sutter,Rank,4.0,1,0.051109632270025,0.120954139782901,0.09402,0.879045860217099
1,3.0,Evander Holyfield,Rank,5.0,1,0.1374704593728018,0.2895376204207143,0.57788,0.7104623795792857
1,3.0,Joey McIntyre,Rank,3.0,0,0.1718693674252579,0.4475764260533897,0.57788,0.5524235739466103
1,3.0,John O'Hurley,Rank,2.0,0,0.1778341048001016,0.4589437279830351,0.57788,0.5410562720169649
1,3.0,Kelly Monaco,Rank,4.0,0,0.2363961251896892,0.4738439598867415,0.57788,0.5261560401132586
1,3.0,Rachel Hunter,Rank,1.0,0,0.1992640099583255,0.4746596883032854,0.57788,0.5253403116967146
1,4.0,Joey McIntyre,Rank,4.0,0,0.4239695085937917,0.3541475445639103,0.05886,0.6458524554360897
1,4.0,John O'Hurley,Rank,3.0,0,0.2770137198031442,0.2220734245169565,0.05886,0.7779265754830436
1,4.0,Kelly Monaco,Rank,1.0,0,0.1840493838991752,0.193662768347956,0.05886,0.806337231652044
1,4.0,Rachel Hunter,Rank,2.0,1,0.1003313113801449,0.177520240904389,0.05886,0.822479759095611
1,5.0,Joey McIntyre,Rank,3.0,0,0.3082191780821918,0.0,1.0,1.0
1,5.0,John O'Hurley,Rank,1.0,0,0.3698630136986301,0.0,1.0,1.0
1,5.0,Kelly Monaco,Rank,2.0,0,0.3219178082191781,0.0,1.0,1.0
1,6.0,John O'Hurley,Rank,2.0,0,0.4954128440366973,0.0,1.0,1.0
1,6.0,Kelly Monaco,Rank,1.0,0,0.5045871559633027,0.0,1.0,1.0
2,1.0,Drew Lachey,Rank,1.0,0,0.0807659976875113,0.3393909917015151,0.27698,0.6606090082984849
2,1.0,George Hamilton,Rank,8.0,0,0.1114877891133155,0.350833360094237,0.27698,0.649166639905763
2,1.0,Giselle Fernandez,Rank,2.0,0,0.0754990187107725,0.3395415043764278,0.27698,0.6604584956235722
2,1.0,Jerry Rice,Rank,5.0,0,0.0687603692792458,0.3191523653902763,0.27698,0.6808476346097236
2,1.0,Kenny Mayne,Rank,9.0,1,0.0235217610527978,0.0828922485650074,0.27698,0.9171077514349926
2,1.0,Lisa Rinna,Rank,7.0,0,0.0902505494119633,0.3511312334106447,0.27698,0.6488687665893553
2,1.0,Master P,Rank,10.0,0,0.1112156348222331,0.3484401062751461,0.27698,0.6515598937248539
2,1.0,Stacy Keibler,Rank,4.0,0,0.0699420105888337,0.3324415619907634,0.27698,0.6675584380092365
2,1.0,Tatum O'Neal,Rank,2.0,0,0.0746588589805772,0.3341123536284301,0.27698,0.6658876463715699
2,1.0,Tia Carrere,Rank,6.0,0,0.0660035818187205,0.3174911350854087,0.27698,0.6825088649145913
2,2.0,Drew Lachey,Rank,2.0,0,0.0866770663137612,0.3502543357099589,0.24866,0.6497456642900411
2,2.0,George Hamilton,Rank,5.0,0,0.0954241363763086,0.3601571022184687,0.24866,0.6398428977815314
2,2.0,Giselle Fernandez,Rank,3.0,0,0.075116492350142,0.3321411264751623,0.24866,0.6678588735248376
2,2.0,Jerry Rice,Rank,4.0,0,0.0703384473880286,0.3276168623769977,0.24866,0.6723831376230023
2,2.0,Lisa Rinna,Rank,7.0,0,0.1215497589808557,0.3565379435234683,0.24866,0.6434620564765317
2,2.0,Master P,Rank,9.0,0,0.1434942971789578,0.3538844509731601,0.24866,0.6461155490268399
2,2.0,Stacy Keibler,Rank,1.0,0,0.0935708596556482,0.3525505939643438,0.24866,0.6474494060356561
2,2.0,Tatum O'Neal,Rank,8.0,1,0.0292644839530628,0.0949073851334905,0.24866,0.9050926148665095
2,2.0,Tia Carrere,Rank,5.0,0,0.0897533111649811,0.3549583737119969,0.24866,0.6450416262880031
2,3.0,Drew Lachey,Rank,1.0,0,0.0902708049789533,0.3628119338677626,0.1289,0.6371880661322373
2,3.0,George Hamilton,Rank,5.0,0,0.1187164006913218,0.3693506710031625,0.1289,0.6306493289968376
2,3.0,Giselle Fernandez,Rank,5.0,1,0.0286432473512206,0.0861818870225325,0.1289,0.9138181129774675
2,3.0,Jerry Rice,Rank,7.0,0,0.1470355545407266,0.3693975267545701,0.1289,0.6306024732454298
2,3.0,Lisa Rinna,Rank,4.0,0,0.086483213693831,0.3452279724652399,0.1289,0.6547720275347602
2,3.0,Master P,Rank,8.0,0,0.1756074475528997,0.3721173613519195,0.1289,0.6278826386480805
2,3.0,Stacy Keibler,Rank,1.0,0,0.0911949890790573,0.3570803108630639,0.1289,0.6429196891369361
2,3.0,Tia Carrere,Rank,3.0,0,0.0864830950629762,0.3427346653444659,0.1289,0.6572653346555342
2,4.0,Drew Lachey,Rank,1.0,0,0.1317028926734602,0.411636645592644,0.36568,0.588363354407356
2,4.0,George Hamilton,Rank,6.0,0,0.1833259607750965,0.4019110462965771,0.36568,0.5980889537034229
2,4.0,Jerry Rice,Rank,5.0,0,0.1346121507198573,0.3897749544114495,0.36568,0.6102250455885505
2,4.0,Lisa Rinna,Rank,2.0,0,0.1200669768167589,0.3954105086416691,0.36568,0.604589491358331
2,4.0,Master P,Rank,7.0,1,0.0611778365867571,0.163319052460268,0.36568,0.836680947539732
2,4.0,Stacy Keibler,Rank,2.0,0,0.1180427816544001,0.3982843747387836,0.36568,0.6017156252612164
2,4.0,Tia Carrere,Rank,4.0,0,0.1147725783409209,0.3833794755320822,0.36568,0.6166205244679178
2,5.0,Drew Lachey,Rank,2.0,0,0.1247524178968886,0.4056928593330142,0.39388,0.5943071406669858
2,5.0,George Hamilton,Rank,4.0,0,0.1802115612431514,0.4327062787544236,0.39388,0.5672937212455764
2,5.0,Jerry Rice,Rank,5.0,0,0.2110320013550718,0.4173555475892879,0.39388,0.5826444524107122
2,5.0,Lisa Rinna,Rank,3.0,0,0.1574856578050974,0.4250722520234581,0.39388,0.5749277479765419
2,5.0,Stacy Keibler,Rank,1.0,0,0.1427239626370286,0.4181650050677619,0.39388,0.5818349949322381
2,5.0,Tia Carrere,Rank,6.0,1,0.0789504699113426,0.1838377128103684,0.39388,0.8161622871896316
2,6.0,Drew Lachey,Rank,1.0,0,0.1837031047638327,0.4585298359490535,0.389,0.5414701640509465
2,6.0,George Hamilton,Rank,4.0,1,0.1138039704472525,0.2224944873974714,0.389,0.7775055126025285
2,6.0,Jerry Rice,Rank,4.0,0,0.2665963643134935,0.4418423179117107,0.389,0.5581576820882893
2,6.0,Lisa Rinna,Rank,3.0,0,0.1825883438350534,0.4367303026248496,0.389,0.5632696973751504
2,6.0,Stacy Keibler,Rank,1.0,0,0.1820876672365032,0.4575962277976704,0.389,0.5424037722023296
2,7.0,Drew Lachey,Rank,1.0,0,0.2285543394806095,0.448657304429761,0.32886,0.551342695570239
2,7.0,Jerry Rice,Rank,4.0,0,0.3798877153363665,0.4269314237303623,0.32886,0.5730685762696377
2,7.0,Lisa Rinna,Rank,3.0,1,0.1293712248661303,0.2233931344591712,0.32886,0.7766068655408288
2,7.0,Stacy Keibler,Rank,1.0,0,0.2283211591173512,0.4533079234715746,0.32886,0.5466920765284253
2,8.0,Drew Lachey,Rank,1.0,0,0.3438729131809768,0.0,1.0,1.0
2,8.0,Jerry Rice,Rank,3.0,0,0.3162063678588072,0.0,1.0,1.0
2,8.0,Stacy Keibler,Rank,2.0,0,0.339920718960216,0.0,1.0,1.0
28,1.0,Ally Brooke,Rank + Save,7.0,0,0.0976973858130228,0.0,0.0,1.0
28,1.0,Hannah Brown,Rank + Save,2.0,0,0.091064475672258,0.0,0.0,1.0
28,1.0,James Van Der Beek,Rank + Save,1.0,1,0.0956176994558697,0.0,0.0,1.0
28,1.0,Karamo Brown,Rank + Save,5.0,0,0.0778233253740386,0.0,0.0,1.0
28,1.0,Kate Flannery,Rank + Save,9.0,0,0.0979356475495545,0.0,0.0,1.0
28,1.0,Kel Mitchell,Rank + Save,7.0,0,0.0976973858130228,0.0,0.0,1.0
28,1.0,Lamar Odom,Rank + Save,11.0,0,0.0979357042911636,0.0,0.0,1.0
28,1.0,Lauren Alaina,Rank + Save,3.0,0,0.0865112518981153,0.0,0.0,1.0
28,1.0,Mary Wilson,Rank + Save,5.0,0,0.0778233253740386,0.0,0.0,1.0
28,1.0,Sailor Brinkley-Cook,Rank + Save,4.0,0,0.0819580944677521,0.0,0.0,1.0
28,1.0,Sean Spicer,Rank + Save,10.0,0,0.0979357042911636,0.0,0.0,1.0
28,2.0,Ally Brooke,Rank + Save,3.0,0,0.0592390878308471,0.3056224329269708,0.46506,0.6943775670730292
28,2.0,Hannah Brown,Rank + Save,1.0,0,0.0772831166863865,0.3382867679498852,0.46506,0.6617132320501148
28,2.0,James Van Der Beek,Rank + Save,3.0,0,0.0599559289759665,0.3104414225507472,0.46506,0.6895585774492528
28,2.0,Karamo Brown,Rank + Save,6.0,0,0.0604299205983837,0.3067936397396529,0.46506,0.6932063602603471
28,2.0,Kate Flannery,Rank + Save,2.0,0,0.0641740652339206,0.3177111389766657,0.46506,0.6822888610233343
28,2.0,Kel Mitchell,Rank + Save,3.0,0,0.0587767217379286,0.3069354032222395,0.46506,0.6930645967777604
28,2.0,Lamar Odom,Rank + Save,11.0,0,0.096028579754975,0.3494645196811818,0.46506,0.6505354803188181
28,2.0,Lauren Alaina,Rank + Save,6.0,0,0.0601724778509923,0.3026008092501371,0.46506,0.6973991907498629
28,2.0,Mary Wilson,Rank + Save,10.0,1,0.0303107319909346,0.106787943571371,0.46506,0.893212056428629
28,2.0,Sailor Brinkley-Cook,Rank + Save,8.0,0,0.0892184803287436,0.3434739581664667,0.46506,0.6565260418335332
28,2.0,Sean Spicer,Rank + Save,9.0,0,0.092043394553069,0.3465032423212547,0.46506,0.6534967576787454
28,3.0,Ally Brooke,Rank + Save,1.0,0,0.1212121212121212,0.0,1.0,1.0
28,3.0,Hannah Brown,Rank + Save,5.0,0,0.106060606060606,0.0,1.0,1.0
28,3.0,James Van Der Beek,Rank + Save,3.0,0,0.1161616161616161,0.0,1.0,1.0
28,3.0,Karamo Brown,Rank + Save,8.0,0,0.0808080808080808,0.0,1.0,1.0
28,3.0,Kate Flannery,Rank + Save,1.0,0,0.1212121212121212,0.0,1.0,1.0
28,3.0,Kel Mitchell,Rank + Save,6.0,0,0.101010101010101,0.0,1.0,1.0
28,3.0,Lamar Odom,Rank + Save,10.0,0,0.0606060606060606,0.0,1.0,1.0
28,3.0,Lauren Alaina,Rank + Save,6.0,0,0.101010101010101,0.0,1.0,1.0
28,3.0,Sailor Brinkley-Cook,Rank + Save,3.0,0,0.1161616161616161,0.0,1.0,1.0
28,3.0,Sean Spicer,Rank + Save,9.0,0,0.0757575757575757,0.0,1.0,1.0
28,4.0,Ally Brooke,Rank + Save,1.0,0,0.0694753722176417,0.3289842124443777,0.58956,0.6710157875556223
28,4.0,Hannah Brown,Rank + Save,1.0,0,0.0707686030203237,0.3317984147208413,0.58956,0.6682015852791587
28,4.0,James Van Der Beek,Rank + Save,6.0,0,0.0845397416933362,0.3430161214078674,0.58956,0.6569838785921326
28,4.0,Karamo Brown,Rank + Save,6.0,0,0.083184442181047,0.3477681543012288,0.58956,0.6522318456987712
28,4.0,Kate Flannery,Rank + Save,8.0,0,0.0990953955633025,0.3555777408705081,0.58956,0.6444222591294919
28,4.0,Kel Mitchell,Rank + Save,1.0,0,0.0699999862391351,0.3370068397198835,0.58956,0.6629931602801165
28,4.0,Lamar Odom,Rank + Save,10.0,1,0.0449248245994593,0.1505326669684299,0.58956,0.8494673330315701
28,4.0,Lauren Alaina,Rank + Save,1.0,0,0.0688040494492928,0.3268368678999829,0.58956,0.6731631321000171
28,4.0,Sailor Brinkley-Cook,Rank + Save,5.0,0,0.0726640706330939,0.326954931410103,0.58956,0.673045068589897
28,4.0,Sean Spicer,Rank + Save,9.0,0,0.1026152650057078,0.3650736980062514,0.58956,0.6349263019937486
28,5.0,Ally Brooke,Rank + Save,1.0,0,0.1255813953488372,0.0,1.0,1.0
28,5.0,Hannah Brown,Rank + Save,4.0,0,0.1162790697674418,0.0,1.0,1.0
28,5.0,James Van Der Beek,Rank + Save,2.0,0,0.1209302325581395,0.0,1.0,1.0
28,5.0,Karamo Brown,Rank + Save,8.0,0,0.0976744186046511,0.0,1.0,1.0
28,5.0,Kate Flannery,Rank + Save,5.0,0,0.1116279069767441,0.0,1.0,1.0
28,5.0,Kel Mitchell,Rank + Save,2.0,0,0.1209302325581395,0.0,1.0,1.0
28,5.0,Lauren Alaina,Rank + Save,7.0,0,0.1069767441860465,0.0,1.0,1.0
28,5.0,Sailor Brinkley-Cook,Rank + Save,5.0,0,0.1116279069767441,0.0,1.0,1.0
28,5.0,Sean Spicer,Rank + Save,9.0,0,0.0883720930232558,0.0,1.0,1.0
28,6.0,Ally Brooke,Rank + Save,6.0,0,0.1510604087759737,0.3312172962191643,0.00194,0.6687827037808357
28,6.0,Hannah Brown,Rank + Save,8.0,0,0.2428251611992337,0.2957595268450834,0.00194,0.7042404731549166
28,6.0,James Van Der Beek,Rank + Save,1.0,0,0.0389763699060533,0.1671070524612291,0.00194,0.832892947538771
28,6.0,Karamo Brown,Rank + Save,6.0,0,0.1540623467607716,0.3472632883161358,0.00194,0.6527367116838643
28,6.0,Kate Flannery,Rank + Save,1.0,0,0.0404038023709681,0.1209612869697567,0.00194,0.8790387130302433
28,6.0,Kel Mitchell,Rank + Save,4.0,0,0.0906102076483665,0.1920336852402312,0.00194,0.8079663147597688
28,6.0,Lauren Alaina,Rank + Save,4.0,0,0.0930041286108662,0.3025112971858744,0.00194,0.6974887028141257
28,6.0,Sailor Brinkley-Cook,Rank + Save,1.0,1,0.0092052307703937,0.0329931927140672,0.00194,0.9670068072859328
28,6.0,Sean Spicer,Rank + Save,9.0,0,0.0574911940728352,0.2215070278001744,0.00194,0.7784929721998256
28,7.0,Ally Brooke,Rank + Save,1.0,0,0.0945875826834248,0.3600604521171719,0.3118,0.639939547882828
28,7.0,Hannah Brown,Rank + Save,4.0,0,0.0990852262859281,0.3591424381039725,0.3118,0.6408575618960275
28,7.0,James Van Der Beek,Rank + Save,1.0,0,0.0935765735804276,0.3641596711476197,0.3118,0.6358403288523803
28,7.0,Karamo Brown,Rank + Save,6.0,1,0.0457396838269943,0.1214520340042573,0.3118,0.8785479659957427
28,7.0,Kate Flannery,Rank + Save,7.0,0,0.1534433964296681,0.4098337078060854,0.3118,0.5901662921939146
28,7.0,Kel Mitchell,Rank + Save,5.0,0,0.1197222954086987,0.3644760789192391,0.3118,0.6355239210807608
28,7.0,Lauren Alaina,Rank + Save,1.0,0,0.0921713475784835,0.3562171428139036,0.3118,0.6437828571860964
28,7.0,Sean Spicer,Rank + Save,8.0,0,0.1534261805086347,0.4186531114054468,0.3118,0.5813468885945532
28,8.0,Ally Brooke,Rank + Save,3.0,0,0.1189374572010519,0.3714226152958053,0.28788,0.6285773847041947
28,8.0,Hannah Brown,Rank + Save,2.0,0,0.1158503647856742,0.3841103814515942,0.28788,0.6158896185484057
28,8.0,James Van Der Beek,Rank + Save,1.0,0,0.1169156246097375,0.385365913655677,0.28788,0.6146340863443229
28,8.0,Kate Flannery,Rank + Save,5.0,1,0.0520529241267059,0.1287789325317659,0.28788,0.8712210674682341
28,8.0,Kel Mitchell,Rank + Save,4.0,0,0.1380579584082664,0.3943495882735864,0.28788,0.6056504117264137
28,8.0,Lauren Alaina,Rank + Save,6.0,0,0.1684906083738003,0.4131083905205315,0.28788,0.5868916094794685
28,8.0,Sean Spicer,Rank + Save,7.0,0,0.1709647319234125,0.4307785417232253,0.28788,0.5692214582767747
28,9.0,Ally Brooke,Rank + Save,1.0,0,0.1493982544569942,0.437925934608977,0.74278,0.562074065391023
28,9.0,Hannah Brown,Rank + Save,4.0,0,0.1505736572533096,0.422815285057041,0.74278,0.577184714942959
28,9.0,James Van Der Beek,Rank + Save,3.0,0,0.1417905498999076,0.4189352003791451,0.74278,0.5810647996208549
28,9.0,Kel Mitchell,Rank + Save,2.0,0,0.1361720928647326,0.4246663859760525,0.74278,0.5753336140239476
28,9.0,Lauren Alaina,Rank + Save,5.0,0,0.1541031974078076,0.4375117146034165,0.74278,0.5624882853965836
28,9.0,Sean Spicer,Rank + Save,6.0,1,0.1380990751167626,0.3540652106544534,0.74278,0.6459347893455466
28,10.0,Ally Brooke,Rank + Save,1.0,0,0.1528447630779917,0.4406575651270251,0.77156,0.559342434872975
28,10.0,Hannah Brown,Rank + Save,3.0,0,0.2151978713833783,0.4862496500103013,0.77156,0.5137503499896987
28,10.0,James Van Der Beek,Rank + Save,5.0,1,0.1614212559222242,0.3816972104367224,0.77156,0.6183027895632776
28,10.0,Kel Mitchell,Rank + Save,2.0,0,0.1676600434440091,0.4425254154055446,0.77156,0.5574745845944554
28,10.0,Lauren Alaina,Rank + Save,3.0,0,0.2113738903022293,0.4816963724330398,0.77156,0.5183036275669601
28,11.0,Ally Brooke,Rank + Save,1.0,0,0.2564102564102564,0.0,1.0,1.0
28,11.0,Hannah Brown,Rank + Save,3.0,0,0.2478632478632478,0.0,1.0,1.0
28,11.0,Kel Mitchell,Rank + Save,2.0,0,0.2521367521367521,0.0,1.0,1.0
28,11.0,Lauren Alaina,Rank + Save,4.0,0,0.2435897435897435,0.0,1.0,1.0
29,1.0,AJ McLean,Rank + Save,6.0,0,0.0334243244123161,0.2302920088559409,0.04168,0.7697079911440591
29,1.0,Anne Heche,Rank + Save,6.0,0,0.0319275505233901,0.2487141982556558,0.04168,0.7512858017443442
29,1.0,Carole Baskin,Rank + Save,14.0,0,0.0977979003482768,0.3284248308679182,0.04168,0.6715751691320818
29,1.0,Charles Oakley,Rank + Save,13.0,0,0.0920196070001595,0.3269545916962041,0.04168,0.6730454083037959
29,1.0,Chrishell Stause,Rank + Save,12.0,0,0.0807778254549462,0.3246357748793922,0.04168,0.6753642251206078
29,1.0,Jesse Metcalfe,Rank + Save,6.0,0,0.0319057310455002,0.2536738352708867,0.04168,0.7463261647291133
29,1.0,Johnny Weir,Rank + Save,6.0,1,0.0016996130796094,0.0156617770676692,0.04168,0.9843382229323308
29,1.0,Justina Machado,Rank + Save,1.0,0,0.0352003592940918,0.2539314766586344,0.04168,0.7460685233413655
29,1.0,Kaitlyn Bristowe,Rank + Save,3.0,0,0.0326626452990198,0.2730387479183515,0.04168,0.7269612520816485
29,1.0,Monica Aldama,Rank + Save,5.0,0,0.035099933104016,0.2475073761151992,0.04168,0.7524926238848008
29,1.0,Nelly,Rank + Save,11.0,0,0.0807803806577026,0.3066579982909416,0.04168,0.6933420017090584
29,1.0,Nev Schulman,Rank + Save,3.0,0,0.0331540027720919,0.2552456672788593,0.04168,0.7447543327211408
29,1.0,Skai Jackson,Rank + Save,1.0,1,0.0354186918904308,0.2667865381074362,0.04168,0.7332134618925639
29,1.0,Veron Davis,Rank + Save,10.0,0,0.0722457191488122,0.315624284780528,0.04168,0.684375715219472
29,2.0,AJ McLean,Rank + Save,5.0,0,0.0350397979088106,0.2622453628599861,0.47846,0.7377546371400139
29,2.0,Anne Heche,Rank + Save,6.0,0,0.0509676225265045,0.2913523107149129,0.47846,0.708647689285087
29,2.0,Carole Baskin,Rank + Save,11.0,0,0.0613171359447672,0.3039579848953239,0.47846,0.6960420151046761
29,2.0,Charles Oakley,Rank + Save,13.0,1,0.0160517842047228,0.0699931251619296,0.47846,0.9300068748380704
29,2.0,Chrishell Stause,Rank + Save,6.0,0,0.0518646048923175,0.2922142614528422,0.47846,0.7077857385471578
29,2.0,Jesse Metcalfe,Rank + Save,4.0,0,0.0389935800932902,0.2712149260431427,0.47846,0.7287850739568573
29,2.0,Johnny Weir,Rank + Save,6.0,0,0.0498721943195855,0.2848847969074034,0.47846,0.7151152030925966
29,2.0,Justina Machado,Rank + Save,2.0,0,0.042233136333101,0.2793375772372283,0.47846,0.7206624227627717
29,2.0,Kaitlyn Bristowe,Rank + Save,1.0,0,0.0463973073962127,0.2847507167983429,0.47846,0.715249283201657
29,2.0,Monica Aldama,Rank + Save,11.0,0,0.0635887862403706,0.3026016273924247,0.47846,0.6973983726075753
29,2.0,Nelly,Rank + Save,6.0,0,0.0507279642356353,0.292066155401661,0.47846,0.707933844598339
29,2.0,Nev Schulman,Rank + Save,2.0,0,0.0429497525766017,0.278470011692535,0.47846,0.7215299883074651
29,2.0,Skai Jackson,Rank + Save,13.0,0,0.0638799563824253,0.3025180437454197,0.47846,0.6974819562545803
29,2.0,Veron Davis,Rank + Save,6.0,0,0.0507375984376923,0.2915925584353555,0.47846,0.7084074415646445
29,3.0,AJ McLean,Rank + Save,6.0,0,0.0430475629486348,0.2794751179367641,0.51584,0.720524882063236
29,3.0,Anne Heche,Rank + Save,12.0,0,0.0718283839149081,0.3188819974425774,0.51584,0.6811180025574226
29,3.0,Carole Baskin,Rank + Save,13.0,1,0.0225731249935569,0.0897244410357129,0.51584,0.9102755589642871
29,3.0,Chrishell Stause,Rank + Save,4.0,0,0.0471016811344393,0.2895381891370859,0.51584,0.7104618108629142
29,3.0,Jesse Metcalfe,Rank + Save,8.0,0,0.051266721147162,0.2928397120480357,0.51584,0.7071602879519643
29,3.0,Johnny Weir,Rank + Save,1.0,0,0.0544552184662824,0.3014544432905553,0.51584,0.6985455567094447
29,3.0,Justina Machado,Rank + Save,9.0,0,0.0671585459304302,0.3167200549829232,0.51584,0.6832799450170768
29,3.0,Kaitlyn Bristowe,Rank + Save,3.0,0,0.0497137545743785,0.2937809836579559,0.51584,0.7062190163420441
29,3.0,Monica Aldama,Rank + Save,6.0,0,0.0439006955259611,0.2816711124253339,0.51584,0.7183288875746661
29,3.0,Nelly,Rank + Save,10.0,0,0.0686250111502022,0.3172877351988825,0.51584,0.6827122648011175
29,3.0,Nev Schulman,Rank + Save,1.0,0,0.053268543264201,0.303248173010796,0.51584,0.696751826989204
29,3.0,Skai Jackson,Rank + Save,10.0,0,0.067412553135133,0.3166042396440533,0.51584,0.6833957603559466
29,3.0,Veron Davis,Rank + Save,4.0,0,0.0461317442790685,0.287144738689599,0.51584,0.712855261310401
29,4.0,AJ McLean,Rank + Save,3.0,0,0.0480213965331669,0.2951591744648827,0.4352,0.7048408255351173
29,4.0,Anne Heche,Rank + Save,10.0,1,0.0239303434859811,0.0878178039935158,0.4352,0.9121821960064842
29,4.0,Chrishell Stause,Rank + Save,8.0,0,0.0808733175183751,0.3392684662317178,0.4352,0.6607315337682822
29,4.0,Jesse Metcalfe,Rank + Save,10.0,0,0.086425070530564,0.3340359321061615,0.4352,0.6659640678938386
29,4.0,Johnny Weir,Rank + Save,3.0,0,0.0484717725792723,0.2971994647518013,0.4352,0.7028005352481987
29,4.0,Justina Machado,Rank + Save,3.0,0,0.0491994775033341,0.2949111342429574,0.4352,0.7050888657570427
29,4.0,Kaitlyn Bristowe,Rank + Save,2.0,0,0.0514353809338597,0.296954571404703,0.4352,0.703045428595297
29,4.0,Monica Aldama,Rank + Save,3.0,0,0.0499115802625049,0.2895036281799353,0.4352,0.7104963718200648
29,4.0,Nelly,Rank + Save,10.0,0,0.0865316142232929,0.3356054770841868,0.4352,0.6643945229158132
29,4.0,Nev Schulman,Rank + Save,3.0,0,0.0497221246722042,0.2930128118442733,0.4352,0.7069871881557267
29,4.0,Skai Jackson,Rank + Save,1.0,0,0.0609208044940924,0.3157279274414868,0.4352,0.6842720725585132
29,4.0,Veron Davis,Rank + Save,8.0,0,0.0805852384366525,0.3317376210286569,0.4352,0.6682623789713431
29,5.0,AJ McLean,Rank + Save,5.0,0,0.0656706203538846,0.3166440813122036,0.52364,0.6833559186877964
29,5.0,Chrishell Stause,Rank + Save,10.0,0,0.0954480524210199,0.3512964868752513,0.52364,0.6487035131247487
29,5.0,Jesse Metcalfe,Rank + Save,10.0,1,0.0349426224685114,0.1097798008462339,0.52364,0.8902201991537662
29,5.0,Johnny Weir,Rank + Save,1.0,0,0.073016532136186,0.3305843161231082,0.52364,0.6694156838768919
29,5.0,Justina Machado,Rank + Save,5.0,0,0.0649050981104777,0.3150092422108239,0.52364,0.6849907577891761
29,5.0,Kaitlyn Bristowe,Rank + Save,2.0,0,0.0650818912033165,0.3173702977158429,0.52364,0.6826297022841571
29,5.0,Monica Aldama,Rank + Save,3.0,0,0.0611014070163856,0.3136248699434034,0.52364,0.6863751300565966
29,5.0,Nelly,Rank + Save,5.0,0,0.065715992515345,0.316996337329715,0.52364,0.683003662670285
29,5.0,Nev Schulman,Rank + Save,3.0,0,0.0617287694836248,0.3090677058157396,0.52364,0.6909322941842604
29,5.0,Skai Jackson,Rank + Save,5.0,0,0.0650498164253912,0.3129853205963956,0.52364,0.6870146794036044
29,5.0,Veron Davis,Rank + Save,9.0,0,0.0926112236695168,0.3468517820182415,0.52364,0.6531482179817585
29,6.0,AJ McLean,Rank + Save,1.0,0,0.0678575941141398,0.3268234325444387,0.53692,0.6731765674555613
29,6.0,Chrishell Stause,Rank + Save,6.0,0,0.0912454044022747,0.3479421362766612,0.53692,0.6520578637233387
29,6.0,Johnny Weir,Rank + Save,8.0,0,0.1031175721357595,0.3634926550324036,0.53692,0.6365073449675964
29,6.0,Justina Machado,Rank + Save,1.0,0,0.0664771661732768,0.3213539979214168,0.53692,0.6786460020785832
29,6.0,Kaitlyn Bristowe,Rank + Save,1.0,0,0.0680081685261689,0.3214017653921544,0.53692,0.6785982346078456
29,6.0,Monica Aldama,Rank + Save,1.0,0,0.0676461474887226,0.3220661870116824,0.53692,0.6779338129883177
29,6.0,Nelly,Rank + Save,6.0,0,0.0921005780628463,0.3495668529659619,0.53692,0.6504331470340381
29,6.0,Nev Schulman,Rank + Save,5.0,0,0.0688835203795816,0.3199990749422999,0.53692,0.6800009250577002
29,6.0,Skai Jackson,Rank + Save,10.0,0,0.1051152282208452,0.3662623933219739,0.53692,0.633737606678026
29,6.0,Veron Davis,Rank + Save,9.0,1,0.0412734788471008,0.1355641867092319,0.53692,0.8644358132907681
29,7.0,AJ McLean,Rank + Save,5.0,0,0.103646808957736,0.3732595626259234,0.64242,0.6267404373740766
29,7.0,Chrishell Stause,Rank + Save,5.0,0,0.1036537655650629,0.3715791420045132,0.64242,0.6284208579954869
29,7.0,Johnny Weir,Rank + Save,2.0,0,0.0713663502340829,0.3343377538491499,0.64242,0.6656622461508501
29,7.0,Justina Machado,Rank + Save,5.0,0,0.1028741074912435,0.3711234751867889,0.64242,0.6288765248132111
29,7.0,Kaitlyn Bristowe,Rank + Save,8.0,0,0.1186811005919333,0.3873115305033281,0.64242,0.6126884694966719
29,7.0,Monica Aldama,Rank + Save,9.0,1,0.0603087905448622,0.1875148805205927,0.64242,0.8124851194794073
29,7.0,Nelly,Rank + Save,2.0,0,0.0711823885707748,0.3357902552854068,0.64242,0.6642097447145932
29,7.0,Nev Schulman,Rank + Save,1.0,0,0.0839183225826767,0.3517130835287111,0.64242,0.6482869164712889
29,7.0,Skai Jackson,Rank + Save,2.0,0,0.0719908796731246,0.3350010911735958,0.64242,0.6649989088264042
29,8.0,AJ McLean,Rank + Save,5.0,0,0.1283999435036965,0.3858193835412317,0.20388,0.6141806164587683
29,8.0,Chrishell Stause,Rank + Save,5.0,1,0.0331750526235294,0.0940882740620007,0.20388,0.9059117259379993
29,8.0,Johnny Weir,Rank + Save,1.0,0,0.0891999225606667,0.3470458964532535,0.20388,0.6529541035467465
29,8.0,Justina Machado,Rank + Save,3.0,0,0.0942295409575215,0.3439386945576501,0.20388,0.6560613054423499
29,8.0,Kaitlyn Bristowe,Rank + Save,4.0,0,0.1067975031493046,0.3479266969452894,0.20388,0.6520733030547106
29,8.0,Nelly,Rank + Save,8.0,0,0.1531522792355311,0.4246042734297932,0.20388,0.5753957265702068
29,8.0,Nev Schulman,Rank + Save,1.0,0,0.0915614675032847,0.3479608787685169,0.20388,0.6520391212314831
29,8.0,Skai Jackson,Rank + Save,7.0,0,0.154582858557656,0.4027421731426797,0.20388,0.5972578268573203
29,9.0,AJ McLean,Rank + Save,6.0,1,0.0773165307840081,0.1811478800024653,0.5173,0.8188521199975347
29,9.0,Johnny Weir,Rank + Save,1.0,0,0.1132093980597708,0.3907816017218897,0.5173,0.6092183982781103
29,9.0,Justina Machado,Rank + Save,5.0,0,0.1564361426587679,0.4224372674687101,0.5173,0.57756273253129
29,9.0,Kaitlyn Bristowe,Rank + Save,1.0,0,0.1135953624732905,0.3856230779336219,0.5173,0.6143769220663782
29,9.0,Nelly,Rank + Save,7.0,0,0.1697378254398529,0.4338692052826292,0.5173,0.5661307947173708
29,9.0,Nev Schulman,Rank + Save,3.0,0,0.1208245477767061,0.3818163325074428,0.5173,0.6181836674925572
29,9.0,Skai Jackson,Rank + Save,3.0,0,0.1218667677314045,0.3846504314065325,0.5173,0.6153495685934676
29,10.0,Johnny Weir,Rank + Save,4.0,1,0.0767258173246007,0.1593277677547676,0.34862,0.8406722322452325
29,10.0,Justina Machado,Rank + Save,3.0,0,0.1816970577795185,0.4237053331711167,0.34862,0.5762946668288833
29,10.0,Kaitlyn Bristowe,Rank + Save,1.0,0,0.1332977306068411,0.3955725755037093,0.34862,0.6044274244962907
29,10.0,Nelly,Rank + Save,6.0,0,0.1935439382632224,0.4599947674764414,0.34862,0.5400052325235586
29,10.0,Nev Schulman,Rank + Save,1.0,0,0.1327484978771319,0.3999941798928679,0.34862,0.6000058201071321
29,10.0,Skai Jackson,Rank + Save,4.0,1,0.1953393837535056,0.4378169532668137,0.34862,0.5621830467331863
29,11.0,Justina Machado,Rank + Save,1.0,0,0.2531645569620253,0.0,1.0,1.0
29,11.0,Kaitlyn Bristowe,Rank + Save,1.0,0,0.2531645569620253,0.0,1.0,1.0
29,11.0,Nelly,Rank + Save,4.0,0,0.240506329113924,0.0,1.0,1.0
29,11.0,Nev Schulman,Rank + Save,1.0,0,0.2531645569620253,0.0,1.0,1.0
30,1.0,Amanda Kloots,Rank + Save,2.0,0,0.0765027322404371,0.0,1.0,1.0
30,1.0,Brian Austin Green,Rank + Save,9.0,0,0.0655737704918032,0.0,1.0,1.0
30,1.0,Christine Chiu,Rank + Save,7.0,0,0.0683060109289617,0.0,1.0,1.0
30,1.0,Cody Rigsby,Rank + Save,9.0,0,0.0655737704918032,0.0,1.0,1.0
30,1.0,Iman Shumpert,Rank + Save,14.0,0,0.0573770491803278,0.0,1.0,1.0
30,1.0,Jimmie Allen,Rank + Save,13.0,0,0.0601092896174863,0.0,1.0,1.0
30,1.0,JoJo Siwa,Rank + Save,1.0,0,0.0792349726775956,0.0,1.0,1.0
30,1.0,Kenya Moore,Rank + Save,5.0,0,0.0710382513661202,0.0,1.0,1.0
30,1.0,Martin Kove,Rank + Save,15.0,0,0.0355191256830601,0.0,1.0,1.0
30,1.0,Matt James,Rank + Save,9.0,0,0.0655737704918032,0.0,1.0,1.0
30,1.0,Melanie C,Rank + Save,4.0,0,0.0737704918032786,0.0,1.0,1.0
30,1.0,Melora Hardin,Rank + Save,5.0,0,0.0710382513661202,0.0,1.0,1.0
30,1.0,"Mike ""The Miz"" Mizanin",Rank + Save,9.0,0,0.0655737704918032,0.0,1.0,1.0
30,1.0,Olivia Jade,Rank + Save,7.0,0,0.0683060109289617,0.0,1.0,1.0
30,1.0,Suni Lee,Rank + Save,2.0,0,0.0765027322404371,0.0,1.0,1.0
30,2.0,Amanda Kloots,Rank + Save,1.0,0,0.0449110627620733,0.2806489190353853,0.50016,0.7193510809646146
30,2.0,Brian Austin Green,Rank + Save,13.0,0,0.0576048084458704,0.2947631583490082,0.50016,0.7052368416509918
30,2.0,Christine Chiu,Rank + Save,10.0,0,0.0520878037860195,0.2928441462594569,0.50016,0.7071558537405431
30,2.0,Cody Rigsby,Rank + Save,10.0,0,0.0521761087184201,0.2903688417596844,0.50016,0.7096311582403156
30,2.0,Iman Shumpert,Rank + Save,9.0,0,0.050455082864932,0.2860114271258208,0.50016,0.7139885728741793
30,2.0,Jimmie Allen,Rank + Save,5.0,0,0.032394968894019,0.2585924506802911,0.50016,0.741407549319709
30,2.0,JoJo Siwa,Rank + Save,2.0,0,0.0420273631392443,0.2842287314288207,0.50016,0.7157712685711792
30,2.0,Kenya Moore,Rank + Save,10.0,0,0.0521472555509607,0.2935830353710726,0.50016,0.7064169646289273
30,2.0,Martin Kove,Rank + Save,15.0,1,0.015555557968367,0.0725601156538551,0.50016,0.9274398843461449
30,2.0,Matt James,Rank + Save,14.0,0,0.0564613424276218,0.2904609796324621,0.50016,0.7095390203675379
30,2.0,Melanie C,Rank + Save,3.0,0,0.0404021223267268,0.271739970397156,0.50016,0.728260029602844
30,2.0,Melora Hardin,Rank + Save,5.0,0,0.0331842503293714,0.2625787303067427,0.50016,0.7374212696932573
30,2.0,"Mike ""The Miz"" Mizanin",Rank + Save,8.0,0,0.033690906995466,0.2604796654313872,0.50016,0.7395203345686128
30,2.0,Olivia Jade,Rank + Save,5.0,0,0.033617645815666,0.2598602949810126,0.50016,0.7401397050189874
30,2.0,Suni Lee,Rank + Save,4.0,0,0.0364388953253071,0.2633072201722103,0.50016,0.7366927798277897
30,3.0,Amanda Kloots,Rank + Save,1.0,0,0.0321139322187463,0.2563131244214082,0.05398,0.7436868755785918
30,3.0,Brian Austin Green,Rank + Save,12.0,0,0.0780520893866759,0.3132913151148325,0.05398,0.6867086848851676
30,3.0,Christine Chiu,Rank + Save,7.0,1,0.0030366808827035,0.0208662417181297,0.05398,0.9791337582818703
30,3.0,Cody Rigsby,Rank + Save,14.0,0,0.0927039114767988,0.3223956265367237,0.05398,0.6776043734632763
30,3.0,Iman Shumpert,Rank + Save,12.0,0,0.0846448651969724,0.3269870698241385,0.05398,0.6730129301758615
30,3.0,Jimmie Allen,Rank + Save,10.0,0,0.067273578390875,0.3076811092326952,0.05398,0.6923188907673048
30,3.0,JoJo Siwa,Rank + Save,1.0,0,0.0339128599242324,0.2510237445729121,0.05398,0.7489762554270879
30,3.0,Kenya Moore,Rank + Save,7.0,0,0.0476528033408114,0.2882305702682606,0.05398,0.7117694297317394
30,3.0,Matt James,Rank + Save,10.0,0,0.0681934706006512,0.3031476025006353,0.05398,0.6968523974993647
30,3.0,Melanie C,Rank + Save,5.0,0,0.0311189413122953,0.248875149385896,0.05398,0.751124850614104
30,3.0,Melora Hardin,Rank + Save,4.0,0,0.0326676927604572,0.2668544107240737,0.05398,0.7331455892759263
30,3.0,"Mike ""The Miz"" Mizanin",Rank + Save,5.0,0,0.0332922472026584,0.2378932667427141,0.05398,0.762106733257286
30,3.0,Olivia Jade,Rank + Save,1.0,0,0.0321463516241315,0.2687271674819177,0.05398,0.7312728325180823
30,3.0,Suni Lee,Rank + Save,7.0,0,0.0456576884280701,0.2785820374504387,0.05398,0.7214179625495614
30,4.0,Amanda Kloots,Rank + Save,4.0,0,0.0456560130209632,0.2827047243275898,0.46972,0.7172952756724102
30,4.0,Brian Austin Green,Rank + Save,13.0,1,0.0217904958958975,0.086484443736582,0.46972,0.913515556263418
30,4.0,Cody Rigsby,Rank + Save,11.0,0,0.0753206735446495,0.3246995184307447,0.46972,0.6753004815692554
30,4.0,Iman Shumpert,Rank + Save,9.0,0,0.0675126762614431,0.3152908372672048,0.46972,0.6847091627327953
30,4.0,Jimmie Allen,Rank + Save,7.0,0,0.0453659477953817,0.2791931824872899,0.46972,0.72080681751271
30,4.0,JoJo Siwa,Rank + Save,2.0,0,0.0468368790854909,0.2840345354424586,0.46972,0.7159654645575414
30,4.0,Kenya Moore,Rank + Save,10.0,0,0.0735245055178076,0.3170719032837359,0.46972,0.6829280967162641
30,4.0,Matt James,Rank + Save,12.0,1,0.0761293235377566,0.3244429634616205,0.46972,0.6755570365383795
30,4.0,Melanie C,Rank + Save,6.0,0,0.0433053071026435,0.2805144882613468,0.46972,0.7194855117386532
30,4.0,Melora Hardin,Rank + Save,1.0,0,0.0519250187924389,0.2986534966589793,0.46972,0.7013465033410207
30,4.0,"Mike ""The Miz"" Mizanin",Rank + Save,7.0,0,0.0447062005381976,0.2853087261772077,0.46972,0.7146912738227923
30,4.0,Olivia Jade,Rank + Save,2.0,0,0.0479836532577507,0.291758866277869,0.46972,0.708241133722131
30,4.0,Suni Lee,Rank + Save,4.0,0,0.04546046508946,0.2862138507685365,0.46972,0.7137861492314634
30,5.0,Amanda Kloots,Rank + Save,2.0,0,0.0481837259539689,0.278022769942534,0.0353,0.7219772300574661
30,5.0,Cody Rigsby,Rank + Save,9.0,0,0.1238643160777149,0.3406710401852553,0.0353,0.6593289598147447
30,5.0,Iman Shumpert,Rank + Save,11.0,0,0.1317474634711593,0.381531213983785,0.0353,0.618468786016215
30,5.0,Jimmie Allen,Rank + Save,8.0,0,0.1019641139327046,0.352569573255833,0.0353,0.6474304267441671
30,5.0,JoJo Siwa,Rank + Save,1.0,0,0.0494721875128147,0.2656547806061883,0.0353,0.7343452193938117
30,5.0,Kenya Moore,Rank + Save,3.0,0,0.0510172656163745,0.2689213982850458,0.0353,0.7310786017149542
30,5.0,Melanie C,Rank + Save,3.0,1,0.0046441581729217,0.0287604264678157,0.0353,0.9712395735321843
30,5.0,Melora Hardin,Rank + Save,3.0,0,0.0490515415965798,0.2726615058761537,0.0353,0.7273384941238463
30,5.0,"Mike ""The Miz"" Mizanin",Rank + Save,9.0,0,0.1345358946491028,0.3406498616993146,0.0353,0.6593501383006855
30,5.0,Olivia Jade,Rank + Save,3.0,0,0.0485984500871933,0.2767947961617794,0.0353,0.7232052038382206
30,5.0,Suni Lee,Rank + Save,3.0,0,0.0492664843549312,0.2736749864602192,0.0353,0.7263250135397807
30,6.0,Amanda Kloots,Rank + Save,3.0,0,0.0606687557111987,0.319665010657471,0.61864,0.680334989342529
30,6.0,Cody Rigsby,Rank + Save,5.0,0,0.0865487561812511,0.3499175728185552,0.61864,0.6500824271814448
30,6.0,Iman Shumpert,Rank + Save,1.0,0,0.0664266776384517,0.3201261240747257,0.61864,0.6798738759252743
30,6.0,Jimmie Allen,Rank + Save,3.0,0,0.0600650897602315,0.3145177998615762,0.61864,0.6854822001384238
30,6.0,JoJo Siwa,Rank + Save,1.0,0,0.0640211069793559,0.3209782682983954,0.61864,0.6790217317016046
30,6.0,Kenya Moore,Rank + Save,10.0,1,0.0469875273560611,0.1555584740392252,0.61864,0.8444415259607748
30,6.0,Melora Hardin,Rank + Save,8.0,0,0.0998504979434482,0.3612055366337254,0.61864,0.6387944633662745
30,6.0,"Mike ""The Miz"" Mizanin",Rank + Save,8.0,0,0.0993547819289476,0.3628860588054792,0.61864,0.6371139411945208
30,6.0,Olivia Jade,Rank + Save,5.0,0,0.0902499697424153,0.3493701092404966,0.61864,0.6506298907595034
30,6.0,Suni Lee,Rank + Save,5.0,0,0.0894207007159609,0.3518891683279361,0.61864,0.6481108316720638
30,7.0,Amanda Kloots,Rank + Save,6.0,0,0.1107831705927916,0.3789924812282002,0.6607,0.6210075187717998
30,7.0,Cody Rigsby,Rank + Save,5.0,0,0.1017095770123702,0.373621832994514,0.6607,0.626378167005486
30,7.0,Iman Shumpert,Rank + Save,6.0,0,0.1089117976729911,0.3753732345830838,0.6607,0.6246267654169162
30,7.0,Jimmie Allen,Rank + Save,3.0,0,0.0726434958212351,0.3391061297292658,0.6607,0.6608938702707342
30,7.0,JoJo Siwa,Rank + Save,2.0,0,0.0732952670223845,0.3379468425818014,0.6607,0.6620531574181986
30,7.0,Melora Hardin,Rank + Save,3.0,0,0.0729211689609454,0.3370584655490088,0.6607,0.6629415344509912
30,7.0,"Mike ""The Miz"" Mizanin",Rank + Save,9.0,1,0.0600440476660085,0.1770310027279585,0.6607,0.8229689972720415
30,7.0,Olivia Jade,Rank + Save,1.0,0,0.0831066870700384,0.3500585340561793,0.6607,0.6499414659438207
30,7.0,Suni Lee,Rank + Save,6.0,0,0.1047430270383976,0.3766209812274809,0.6607,0.6233790187725191
30,8.0,Amanda Kloots,Rank + Save,1.0,0,0.0891531260496612,0.3645689429598929,0.62508,0.6354310570401072
30,8.0,Cody Rigsby,Rank + Save,5.0,0,0.123017749197834,0.3908311217082295,0.62508,0.6091688782917706
30,8.0,Iman Shumpert,Rank + Save,7.0,0,0.1345946031632781,0.4037011094967756,0.62508,0.5962988905032244
30,8.0,Jimmie Allen,Rank + Save,8.0,1,0.0702688465817031,0.1990486719339615,0.62508,0.8009513280660385
30,8.0,JoJo Siwa,Rank + Save,4.0,0,0.0968183790839823,0.3593368536997994,0.62508,0.6406631463002006
30,8.0,Melora Hardin,Rank + Save,1.0,0,0.0890111752546925,0.3585270315984608,0.62508,0.6414729684015392
30,8.0,Olivia Jade,Rank + Save,6.0,1,0.1322046779079688,0.4014615547907272,0.62508,0.5985384452092728
30,8.0,Suni Lee,Rank + Save,1.0,0,0.0884140454824769,0.3550699438591223,0.62508,0.6449300561408777
30,9.0,Amanda Kloots,Rank + Save,2.0,0,0.1238508847775664,0.4045482117286197,0.6322,0.5954517882713803
30,9.0,Cody Rigsby,Rank + Save,6.0,0,0.1867696146964149,0.4570436516155411,0.6322,0.5429563483844588
30,9.0,Iman Shumpert,Rank + Save,3.0,0,0.1695878807444149,0.4403551214073536,0.6322,0.5596448785926464
30,9.0,JoJo Siwa,Rank + Save,1.0,0,0.1225161473536163,0.4021848862676332,0.6322,0.5978151137323668
30,9.0,Melora Hardin,Rank + Save,5.0,1,0.1082468879122783,0.2427611918190678,0.6322,0.7572388081809323
30,9.0,Suni Lee,Rank + Save,3.0,1,0.1800824148714738,0.4481016104186576,0.6322,0.5518983895813424
30,10.0,Amanda Kloots,Rank + Save,3.0,0,0.2484076433121019,0.0,1.0,1.0
30,10.0,Cody Rigsby,Rank + Save,4.0,0,0.2420382165605095,0.0,1.0,1.0
30,10.0,Iman Shumpert,Rank + Save,1.0,0,0.2547770700636942,0.0,1.0,1.0
30,10.0,JoJo Siwa,Rank + Save,1.0,0,0.2547770700636942,0.0,1.0,1.0
31,1.0,Charli D'Amelio,Rank + Save,1.0,0,0.0497275880860153,0.2852053621408561,0.43116,0.7147946378591439
31,1.0,Cheryl Ladd,Rank + Save,9.0,0,0.0477840432258578,0.2795682328100928,0.43116,0.7204317671899072
31,1.0,Daniel Durant,Rank + Save,5.0,0,0.0362888776609683,0.2631710863611903,0.43116,0.7368289136388098
31,1.0,Gabby Windey,Rank + Save,3.0,0,0.0382194109069283,0.2664058212916468,0.43116,0.7335941787083532
31,1.0,Heidi D'Amelio,Rank + Save,7.0,0,0.0307499992744825,0.2542922575523122,0.43116,0.7457077424476878
31,1.0,Jason Lewis,Rank + Save,14.0,1,0.0116398136636262,0.0558586113763659,0.43116,0.9441413886236341
31,1.0,Jessie James Decker,Rank + Save,11.0,0,0.0499050521551034,0.2863057375963979,0.43116,0.7136942624036021
31,1.0,Jordin Sparks,Rank + Save,6.0,0,0.0354938166045421,0.2654497875213671,0.43116,0.734550212478633
31,1.0,Joseph Baena,Rank + Save,8.0,0,0.0472769871720665,0.2821400568456154,0.43116,0.7178599431543846
31,1.0,Sam Champion,Rank + Save,11.0,0,0.0516868577229736,0.284698510450791,0.43116,0.715301489549209
31,1.0,Shangela,Rank + Save,3.0,0,0.0388352407657289,0.2682746798335834,0.43116,0.7317253201664167
31,1.0,Teresa Giudice,Rank + Save,11.0,0,0.0527742185202187,0.2907668355431234,0.43116,0.7092331644568766
31,1.0,Trevor Donovan,Rank + Save,9.0,0,0.0485163154408753,0.2810041923097559,0.43116,0.7189958076902441
31,1.0,Vinny Guadagnino,Rank + Save,15.0,0,0.0579816672974491,0.2958108861186769,0.43116,0.7041891138813231
31,1.0,Wayne Brady,Rank + Save,2.0,0,0.0419682126609073,0.2733159324474888,0.43116,0.7266840675525112
31,2.0,Charli D'Amelio,Rank + Save,1.0,0,0.0453286914208247,0.2823017896305795,0.43344,0.7176982103694205
31,2.0,Cheryl Ladd,Rank + Save,14.0,0,0.0669955827831208,0.3084007368186185,0.43344,0.6915992631813814
31,2.0,Daniel Durant,Rank + Save,5.0,0,0.0377564994134268,0.2689659885682838,0.43344,0.7310340114317162
31,2.0,Gabby Windey,Rank + Save,1.0,0,0.0453045320193158,0.2781558813661803,0.43344,0.7218441186338197
31,2.0,Heidi D'Amelio,Rank + Save,6.0,0,0.0363155231759401,0.2697668852393887,0.43344,0.7302331147606114
31,2.0,Jessie James Decker,Rank + Save,11.0,0,0.0617670445367255,0.3045379508590255,0.43344,0.6954620491409744
31,2.0,Jordin Sparks,Rank + Save,8.0,0,0.0535656301076341,0.2969934316285661,0.43344,0.7030065683714339
31,2.0,Joseph Baena,Rank + Save,12.0,0,0.0636432884159452,0.3011458598956243,0.43344,0.6988541401043757
31,2.0,Sam Champion,Rank + Save,10.0,0,0.0598333257317231,0.303292326933892,0.43344,0.6967076730661079
31,2.0,Shangela,Rank + Save,6.0,0,0.0371266760045102,0.2681693646684462,0.43344,0.7318306353315538
31,2.0,Teresa Giudice,Rank + Save,13.0,1,0.0151269168270394,0.0681037615310295,0.43344,0.9318962384689705
31,2.0,Trevor Donovan,Rank + Save,4.0,0,0.0392611911767932,0.2747042511774352,0.43344,0.7252957488225649
31,2.0,Vinny Guadagnino,Rank + Save,8.0,0,0.0560950401223199,0.2971556580002248,0.43344,0.7028443419997752
31,2.0,Wayne Brady,Rank + Save,1.0,0,0.044696489801913,0.2860759213850377,0.43344,0.7139240786149623
31,3.0,Charli D'Amelio,Rank + Save,1.0,0,0.0508543909739087,0.2850892710418821,0.40728,0.7149107289581179
31,3.0,Cheryl Ladd,Rank + Save,12.0,1,0.0180117182612065,0.0716540335757411,0.40728,0.9283459664242589
31,3.0,Daniel Durant,Rank + Save,5.0,0,0.0458820795853497,0.2835015635367955,0.40728,0.7164984364632045
31,3.0,Gabby Windey,Rank + Save,1.0,0,0.0497057703121911,0.2902745206664677,0.40728,0.7097254793335324
31,3.0,Heidi D'Amelio,Rank + Save,4.0,0,0.0478849079718726,0.2905958773776456,0.40728,0.7094041226223544
31,3.0,Jessie James Decker,Rank + Save,10.0,0,0.0676255173912988,0.3147863365733719,0.40728,0.6852136634266282
31,3.0,Jordin Sparks,Rank + Save,7.0,0,0.0484049093296918,0.2826666848503565,0.40728,0.7173333151496435
31,3.0,Joseph Baena,Rank + Save,7.0,0,0.0478218712867348,0.2893463144021461,0.40728,0.7106536855978539
31,3.0,Sam Champion,Rank + Save,11.0,0,0.0756131608820871,0.3207611735776084,0.40728,0.6792388264223916
31,3.0,Shangela,Rank + Save,6.0,0,0.0440454013976927,0.2829497070834831,0.40728,0.7170502929165169
31,3.0,Trevor Donovan,Rank + Save,9.0,0,0.0687499925958889,0.3151604110990686,0.40728,0.6848395889009313
31,3.0,Vinny Guadagnino,Rank + Save,13.0,0,0.0767950798722396,0.3283330509863869,0.40728,0.6716669490136131
31,3.0,Wayne Brady,Rank + Save,1.0,0,0.0509713669586689,0.2945419495220114,0.40728,0.7054580504779886
31,4.0,Charli D'Amelio,Rank + Save,1.0,0,0.0538455224745596,0.3022669311212974,0.53518,0.6977330688787027
31,4.0,Daniel Durant,Rank + Save,8.0,0,0.071513137905697,0.3251416201802617,0.53518,0.6748583798197383
31,4.0,Gabby Windey,Rank + Save,1.0,0,0.0545787359754489,0.305031257708211,0.53518,0.694968742291789
31,4.0,Heidi D'Amelio,Rank + Save,4.0,0,0.0504137257273088,0.2942158191584253,0.53518,0.7057841808415747
31,4.0,Jessie James Decker,Rank + Save,7.0,0,0.0697687186650463,0.3214397937905358,0.53518,0.6785602062094642
31,4.0,Jordin Sparks,Rank + Save,4.0,0,0.0508237569976386,0.2916349464132619,0.53518,0.7083650535867381
31,4.0,Joseph Baena,Rank + Save,10.0,0,0.0782184608769414,0.3280726732919926,0.53518,0.6719273267080075
31,4.0,Sam Champion,Rank + Save,12.0,1,0.0280111108411266,0.1025942642916689,0.53518,0.8974057357083312
31,4.0,Shangela,Rank + Save,6.0,0,0.0486332551784336,0.2919669867926524,0.53518,0.7080330132073476
31,4.0,Trevor Donovan,Rank + Save,10.0,0,0.0784097800625277,0.3314839003497383,0.53518,0.6685160996502617
31,4.0,Vinny Guadagnino,Rank + Save,8.0,0,0.0745689131089464,0.3255494752139264,0.53518,0.6744505247860736
31,4.0,Wayne Brady,Rank + Save,1.0,0,0.0543823522560597,0.3035906642588697,0.53518,0.6964093357411303
31,5.0,Charli D'Amelio,Rank + Save,1.0,0,0.0621881532611234,0.3095277763088804,0.36738,0.6904722236911196
31,5.0,Daniel Durant,Rank + Save,10.0,0,0.0921265915059128,0.340883647928377,0.36738,0.659116352071623
31,5.0,Gabby Windey,Rank + Save,2.0,0,0.0587453861403853,0.3127718303956786,0.36738,0.6872281696043214
31,5.0,Heidi D'Amelio,Rank + Save,4.0,0,0.0554467942794392,0.3003403320765264,0.36738,0.6996596679234737
31,5.0,Jessie James Decker,Rank + Save,6.0,0,0.0806563631892217,0.3363541457190329,0.36738,0.6636458542809671
31,5.0,Jordin Sparks,Rank + Save,8.0,0,0.0887770029905472,0.3413229132514763,0.36738,0.6586770867485237
31,5.0,Joseph Baena,Rank + Save,9.0,1,0.0230800250896983,0.0841294184783302,0.36738,0.9158705815216698
31,5.0,Shangela,Rank + Save,5.0,0,0.0552328616257628,0.2993771614998005,0.36738,0.7006228385001996
31,5.0,Trevor Donovan,Rank + Save,6.0,0,0.0809448206529399,0.3330351954521247,0.36738,0.6669648045478753
31,5.0,Vinny Guadagnino,Rank + Save,11.0,0,0.0977924468785531,0.3536013935548937,0.36738,0.6463986064451064
31,5.0,Wayne Brady,Rank + Save,2.0,0,0.059065916122497,0.3064472491252206,0.36738,0.6935527508747794
31,6.0,Charli D'Amelio,Rank + Save,1.0,0,0.0730101276318096,0.3319171595880632,0.56258,0.6680828404119368
31,6.0,Daniel Durant,Rank + Save,5.0,0,0.0895882725851359,0.357049588152607,0.56258,0.642950411847393
31,6.0,Gabby Windey,Rank + Save,2.0,0,0.0632250401210567,0.3226056980381678,0.56258,0.6773943019618323
31,6.0,Heidi D'Amelio,Rank + Save,3.0,0,0.0627559394965973,0.3142336134826078,0.56258,0.6857663865173922
31,6.0,Jessie James Decker,Rank + Save,9.0,1,0.0424664696783588,0.1297908736611566,0.56258,0.8702091263388434
31,6.0,Jordin Sparks,Rank + Save,5.0,0,0.0902220174805319,0.3486833053973575,0.56258,0.6513166946026425
31,6.0,Shangela,Rank + Save,3.0,0,0.0650347980703291,0.3188580895827593,0.56258,0.6811419104172407
31,6.0,Trevor Donovan,Rank + Save,5.0,0,0.0935492196427704,0.3546867881278033,0.56258,0.6453132118721967
31,6.0,Vinny Guadagnino,Rank + Save,10.0,0,0.0972841061229091,0.3613078354459776,0.56258,0.6386921645540224
31,6.0,Wayne Brady,Rank + Save,5.0,0,0.0939138804052999,0.3506004159225553,0.56258,0.6493995840774447
31,7.0,Charli D'Amelio,Rank + Save,1.0,0,0.0788891223336973,0.3364333833638945,0.4562,0.6635666166361055
31,7.0,Daniel Durant,Rank + Save,4.0,0,0.0809710459653971,0.3389977080417545,0.4562,0.6610022919582454
31,7.0,Gabby Windey,Rank + Save,6.0,0,0.117587669580263,0.3752207933213249,0.4562,0.624779206678675
31,7.0,Heidi D'Amelio,Rank + Save,7.0,0,0.1229260822325159,0.3820384119986295,0.4562,0.6179615880013705
31,7.0,Jordin Sparks,Rank + Save,8.0,1,0.0459491750317586,0.129358681291676,0.4562,0.870641318708324
31,7.0,Shangela,Rank + Save,4.0,0,0.0765061332372049,0.3357386065218449,0.4562,0.6642613934781552
31,7.0,Trevor Donovan,Rank + Save,1.0,0,0.0798620800445462,0.351096015490655,0.4562,0.6489039845093449
31,7.0,Vinny Guadagnino,Rank + Save,9.0,0,0.1260365592082119,0.3859574244054915,0.4562,0.6140425755945085
31,7.0,Wayne Brady,Rank + Save,3.0,0,0.0779597835347324,0.3388501755340458,0.4562,0.6611498244659542
31,8.0,Charli D'Amelio,Rank + Save,1.0,0,0.1026125203190713,0.3735574942154382,0.48534,0.6264425057845617
31,8.0,Daniel Durant,Rank + Save,5.0,0,0.1217989619777171,0.3816771514787843,0.48534,0.6183228485212158
31,8.0,Gabby Windey,Rank + Save,4.0,0,0.0942380945454436,0.3518285131748337,0.48534,0.6481714868251662
31,8.0,Heidi D'Amelio,Rank + Save,7.0,1,0.0565892807627336,0.146284161115322,0.48534,0.853715838884678
31,8.0,Shangela,Rank + Save,3.0,0,0.0992401799579902,0.3613761603470147,0.48534,0.6386238396529853
31,8.0,Trevor Donovan,Rank + Save,5.0,0,0.1284237725469413,0.3911704551775513,0.48534,0.6088295448224488
31,8.0,Vinny Guadagnino,Rank + Save,8.0,1,0.1398596612241678,0.40878203543829,0.48534,0.5912179645617099
31,8.0,Wayne Brady,Rank + Save,1.0,0,0.1008404687151043,0.3705954564442259,0.48534,0.629404543555774
31,9.0,Charli D'Amelio,Rank + Save,1.0,0,0.1319895116064536,0.4086130404170479,0.519,0.5913869595829522
31,9.0,Daniel Durant,Rank + Save,5.0,1,0.0947467150571392,0.1992571865160875,0.519,0.8007428134839125
31,9.0,Gabby Windey,Rank + Save,1.0,0,0.1339762554623366,0.406032030158354,0.519,0.593967969841646
31,9.0,Shangela,Rank + Save,3.0,0,0.1793426615210197,0.437690144886357,0.519,0.562309855113643
31,9.0,Trevor Donovan,Rank + Save,6.0,1,0.1862879885076359,0.4611750313526603,0.519,0.5388249686473396
31,9.0,Wayne Brady,Rank + Save,3.0,0,0.1793915011268621,0.4325790705479786,0.519,0.5674209294520214
31,10.0,Charli D'Amelio,Rank + Save,1.0,0,0.2564102564102564,0.0,1.0,1.0
31,10.0,Gabby Windey,Rank + Save,1.0,0,0.2564102564102564,0.0,1.0,1.0
31,10.0,Shangela,Rank + Save,3.0,0,0.2435897435897435,0.0,1.0,1.0
31,10.0,Wayne Brady,Rank + Save,3.0,0,0.2435897435897435,0.0,1.0,1.0
32,1.0,Adrian Peterson,Rank + Save,5.0,0,0.0388720754265554,0.269677250145246,0.38898,0.730322749854754
32,1.0,Alyson Hannigan,Rank + Save,11.0,0,0.0609600955439107,0.3073387369273156,0.38898,0.6926612630726844
32,1.0,Ariana Madix,Rank + Save,2.0,0,0.049480669642991,0.288293690429133,0.38898,0.711706309570867
32,1.0,Barry Williams,Rank + Save,8.0,0,0.0529233423045564,0.2962121999761948,0.38898,0.7037878000238051
32,1.0,Charity Lawson,Rank + Save,1.0,0,0.0527760678659638,0.2905651270635629,0.38898,0.709434872936437
32,1.0,Harry Jowsey,Rank + Save,12.0,0,0.0618963070963973,0.3007054207183227,0.38898,0.6992945792816774
32,1.0,Jamie Lynn Spears,Rank + Save,9.0,0,0.0549921317802713,0.2917095143813564,0.38898,0.7082904856186436
32,1.0,Jason Mraz,Rank + Save,2.0,0,0.0490947713510914,0.2940785025840492,0.38898,0.7059214974159508
32,1.0,Lele Pons,Rank + Save,4.0,0,0.0421285670677038,0.2758329242931136,0.38898,0.7241670757068863
32,1.0,Matt Walsh,Rank + Save,12.0,1,0.0119581236826271,0.0557020337503903,0.38898,0.9442979662496097
32,1.0,Mauricio Umansky,Rank + Save,9.0,0,0.0560148494680959,0.2940683782601875,0.38898,0.7059316217398125
32,1.0,Mira Sorvino,Rank + Save,7.0,0,0.0370213734770981,0.2620883804650022,0.38898,0.7379116195349977
32,1.0,Tyson Beckford,Rank + Save,12.0,0,0.0618901885975449,0.3016930801678286,0.38898,0.6983069198321714
32,1.0,Xochitl Gomez,Rank + Save,5.0,0,0.0385168857969726,0.2700713441129848,0.38898,0.7299286558870153
32,2.0,Adrian Peterson,Rank + Save,10.0,0,0.0665666406552625,0.3164652392755026,0.22992,0.6835347607244975
32,2.0,Alyson Hannigan,Rank + Save,6.0,0,0.0411048644137549,0.2676646566221123,0.22992,0.7323353433778876
32,2.0,Ariana Madix,Rank + Save,5.0,0,0.0427832486766985,0.2717040887951359,0.22992,0.7282959112048641
32,2.0,Barry Williams,Rank + Save,10.0,0,0.0655126778249619,0.3096436045727482,0.22992,0.6903563954272518
32,2.0,Charity Lawson,Rank + Save,3.0,0,0.0455478389579797,0.2821689174156018,0.22992,0.7178310825843982
32,2.0,Harry Jowsey,Rank + Save,10.0,0,0.0667251526742805,0.3122847627142195,0.22992,0.6877152372857804
32,2.0,Jamie Lynn Spears,Rank + Save,9.0,1,0.0087636660026689,0.0428453809445116,0.22992,0.9571546190554884
32,2.0,Jason Mraz,Rank + Save,1.0,0,0.0541267690306387,0.3060637152508407,0.22992,0.6939362847491592
32,2.0,Lele Pons,Rank + Save,3.0,0,0.0450212485692248,0.2796982748950543,0.22992,0.7203017251049457
32,2.0,Mauricio Umansky,Rank + Save,13.0,0,0.0853968668610476,0.3243411004233355,0.22992,0.6756588995766645
32,2.0,Mira Sorvino,Rank + Save,7.0,0,0.0589522706794994,0.3000193703067252,0.22992,0.6999806296932748
32,2.0,Tyson Beckford,Rank + Save,7.0,0,0.0594098340233091,0.3067202433204859,0.22992,0.6932797566795141
32,2.0,Xochitl Gomez,Rank + Save,1.0,0,0.0548937172048067,0.3052816652782479,0.22992,0.694718334721752
32,3.0,Adrian Peterson,Rank + Save,11.0,0,0.0727729395647047,0.3173494790507598,0.58058,0.6826505209492402
32,3.0,Alyson Hannigan,Rank + Save,8.0,0,0.0671561384238936,0.3202242306833153,0.58058,0.6797757693166847
32,3.0,Ariana Madix,Rank + Save,1.0,0,0.0593716840429131,0.309024664166492,0.58058,0.690975335833508
32,3.0,Barry Williams,Rank + Save,7.0,0,0.065066580861019,0.3150152981223507,0.58058,0.6849847018776494
32,3.0,Charity Lawson,Rank + Save,3.0,0,0.0526035192849461,0.2998037965747884,0.58058,0.7001962034252116
32,3.0,Harry Jowsey,Rank + Save,8.0,0,0.0666386553931399,0.3225866746659983,0.58058,0.6774133253340018
32,3.0,Jason Mraz,Rank + Save,1.0,0,0.0592050096681197,0.3106126248438032,0.58058,0.6893873751561967
32,3.0,Lele Pons,Rank + Save,5.0,0,0.0490541694553934,0.288867668269586,0.58058,0.711132331730414
32,3.0,Mauricio Umansky,Rank + Save,10.0,0,0.0720292076345841,0.31860370307449,0.58058,0.6813962969255101
32,3.0,Mira Sorvino,Rank + Save,6.0,0,0.0624802340255453,0.3171035165514677,0.58058,0.6828964834485323
32,3.0,Tyson Beckford,Rank + Save,12.0,1,0.0281182129951434,0.1082505754821928,0.58058,0.8917494245178073
32,3.0,Xochitl Gomez,Rank + Save,3.0,0,0.0535694048352881,0.2994296686683206,0.58058,0.7005703313316793
32,4.0,Adrian Peterson,Rank + Save,6.0,1,0.011015586624025,0.0477186406673956,0.13882,0.9522813593326044
32,4.0,Alyson Hannigan,Rank + Save,10.0,0,0.1040773640045987,0.3562385784644102,0.13882,0.6437614215355898
32,4.0,Ariana Madix,Rank + Save,2.0,0,0.0574205482514525,0.3034354243032368,0.13882,0.6965645756967632
32,4.0,Barry Williams,Rank + Save,10.0,0,0.1108086388153693,0.3532998936867315,0.13882,0.6467001063132685
32,4.0,Charity Lawson,Rank + Save,3.0,0,0.0531819375845755,0.2966468561033798,0.13882,0.7033531438966202
32,4.0,Harry Jowsey,Rank + Save,6.0,0,0.0757646236912383,0.3236318545841779,0.13882,0.6763681454158221
32,4.0,Jason Mraz,Rank + Save,3.0,0,0.0543195213267494,0.2896198831608907,0.13882,0.7103801168391093
32,4.0,Lele Pons,Rank + Save,5.0,0,0.0604337607651347,0.2904790352469902,0.13882,0.7095209647530099
32,4.0,Mauricio Umansky,Rank + Save,9.0,0,0.0893683803200916,0.3311585368327193,0.13882,0.6688414631672808
32,4.0,Mira Sorvino,Rank + Save,6.0,0,0.0766577133124,0.3341816859690081,0.13882,0.6658183140309919
32,4.0,Xochitl Gomez,Rank + Save,1.0,0,0.0624159988886428,0.3180949962967853,0.13882,0.6819050037032147
32,5.0,Alyson Hannigan,Rank + Save,9.0,0,0.1059488656974093,0.3622983517335189,0.48868,0.6377016482664811
32,5.0,Ariana Madix,Rank + Save,4.0,0,0.0778108826977884,0.3277522854572209,0.48868,0.6722477145427791
32,5.0,Barry Williams,Rank + Save,4.0,0,0.0769848475248214,0.3365355820608803,0.48868,0.6634644179391197
32,5.0,Charity Lawson,Rank + Save,1.0,0,0.075908426640205,0.3334794718894371,0.48868,0.6665205281105628
32,5.0,Harry Jowsey,Rank + Save,10.0,0,0.105633716300041,0.3653030643059344,0.48868,0.6346969356940656
32,5.0,Jason Mraz,Rank + Save,3.0,0,0.0726644207159824,0.3288686496186865,0.48868,0.6711313503813134
32,5.0,Lele Pons,Rank + Save,4.0,0,0.0765818380698575,0.3319655663597415,0.48868,0.6680344336402585
32,5.0,Mauricio Umansky,Rank + Save,4.0,0,0.0771410235959601,0.3309519063705536,0.48868,0.6690480936294464
32,5.0,Mira Sorvino,Rank + Save,8.0,1,0.0372551593290207,0.1117782334558344,0.48868,0.8882217665441656
32,5.0,Xochitl Gomez,Rank + Save,1.0,0,0.0751810195191265,0.3328129566649352,0.48868,0.6671870433350648
32,6.0,Alyson Hannigan,Rank + Save,8.0,0,0.1261808684294567,0.3756550840930336,0.21396,0.6243449159069664
32,6.0,Ariana Madix,Rank + Save,2.0,0,0.082368779765853,0.3408184535940212,0.21396,0.6591815464059788
32,6.0,Barry Williams,Rank + Save,7.0,0,0.1159176566570278,0.3699888425107642,0.21396,0.6300111574892358
32,6.0,Charity Lawson,Rank + Save,4.0,0,0.0793894604024033,0.3311526207714956,0.21396,0.6688473792285043
32,6.0,Harry Jowsey,Rank + Save,9.0,0,0.1354651897999613,0.3923872671402991,0.21396,0.607612732859701
32,6.0,Jason Mraz,Rank + Save,3.0,0,0.0794164215041191,0.3370509406844721,0.21396,0.6629490593155278
32,6.0,Lele Pons,Rank + Save,5.0,0,0.0886126070942124,0.3293813109416135,0.21396,0.6706186890583865
32,6.0,Mauricio Umansky,Rank + Save,6.0,1,0.0255120620426311,0.0802204469463176,0.21396,0.9197795530536824
32,6.0,Xochitl Gomez,Rank + Save,1.0,0,0.0841291309598626,0.3440990810999281,0.21396,0.655900918900072
32,7.0,Alyson Hannigan,Rank + Save,6.0,0,0.1462897486973982,0.3913739195159938,0.1543,0.6086260804840062
32,7.0,Ariana Madix,Rank + Save,1.0,0,0.0857879168908658,0.3403585552900823,0.1543,0.6596414447099177
32,7.0,Barry Williams,Rank + Save,7.0,0,0.1619181474142044,0.4032977825374821,0.1543,0.5967022174625178
32,7.0,Charity Lawson,Rank + Save,4.0,0,0.0916007917929363,0.3313313635314357,0.1543,0.6686686364685643
32,7.0,Harry Jowsey,Rank + Save,8.0,0,0.1686420500265203,0.4180009812901112,0.1543,0.5819990187098888
32,7.0,Jason Mraz,Rank + Save,4.0,0,0.0951476104693955,0.3298440299164781,0.1543,0.6701559700835219
32,7.0,Lele Pons,Rank + Save,3.0,1,0.0211125609403968,0.0711040746262933,0.1543,0.9288959253737067
32,7.0,Xochitl Gomez,Rank + Save,1.0,0,0.0860994389165684,0.3411343883008267,0.1543,0.6588656116991733
32,8.0,Alyson Hannigan,Rank + Save,4.0,0,0.1441865689901342,0.3937011036968392,0.33512,0.6062988963031608
32,8.0,Ariana Madix,Rank + Save,1.0,0,0.1180832269059326,0.3839889479933862,0.33512,0.6160110520066138
32,8.0,Barry Williams,Rank + Save,5.0,1,0.0559605207416719,0.1338324791258359,0.33512,0.8661675208741642
32,8.0,Charity Lawson,Rank + Save,3.0,0,0.1087531614477907,0.3699890592530864,0.33512,0.6300109407469137
32,8.0,Harry Jowsey,Rank + Save,7.0,0,0.1710229042408553,0.4326456952381702,0.33512,0.5673543047618298
32,8.0,Jason Mraz,Rank + Save,6.0,0,0.1719523375563319,0.4258962916137008,0.33512,0.5741037083862992
32,8.0,Xochitl Gomez,Rank + Save,2.0,0,0.1147535953441353,0.3702106620298992,0.33512,0.6297893379701007
32,9.0,Alyson Hannigan,Rank + Save,5.0,0,0.1885796590483062,0.45962487713082,0.72126,0.54037512286918
32,9.0,Ariana Madix,Rank + Save,4.0,0,0.1452675217878695,0.426910950041645,0.72126,0.573089049958355
32,9.0,Charity Lawson,Rank + Save,3.0,0,0.1302525680748049,0.4120800589230203,0.72126,0.5879199410769798
32,9.0,Harry Jowsey,Rank + Save,6.0,1,0.1254254184099999,0.2811729993480846,0.72126,0.7188270006519154
32,9.0,Jason Mraz,Rank + Save,1.0,0,0.1455977728818271,0.4333925938909059,0.72126,0.5666074061090941
32,9.0,Xochitl Gomez,Rank + Save,2.0,0,0.1433296564424717,0.425758197436196,0.72126,0.5742418025638041
32,10.0,Alyson Hannigan,Rank + Save,5.0,0,0.1789473684210526,0.0,1.0,1.0
32,10.0,Ariana Madix,Rank + Save,3.0,0,0.2035087719298245,0.0,1.0,1.0
32,10.0,Charity Lawson,Rank + Save,2.0,0,0.2070175438596491,0.0,1.0,1.0
32,10.0,Jason Mraz,Rank + Save,4.0,0,0.2,0.0,1.0,1.0
32,10.0,Xochitl Gomez,Rank + Save,1.0,0,0.2105263157894736,0.0,1.0,1.0
32,11.0,Alyson Hannigan,Rank + Save,5.0,0,0.1821305841924398,0.0,1.0,1.0
32,11.0,Ariana Madix,Rank + Save,3.0,0,0.2027491408934708,0.0,1.0,1.0
32,11.0,Charity Lawson,Rank + Save,3.0,0,0.2027491408934708,0.0,1.0,1.0
32,11.0,Jason Mraz,Rank + Save,1.0,0,0.2061855670103092,0.0,1.0,1.0
32,11.0,Xochitl Gomez,Rank + Save,1.0,0,0.2061855670103092,0.0,1.0,1.0
33,1.0,Anna Delvey,Rank + Save,8.0,0,0.0728744939271255,0.0,1.0,1.0
33,1.0,Brooks Nader,Rank + Save,8.0,0,0.0728744939271255,0.0,1.0,1.0
33,1.0,Chandler Kinney,Rank + Save,1.0,0,0.0931174089068826,0.0,1.0,1.0
33,1.0,Danny Amendola,Rank + Save,5.0,0,0.0809716599190283,0.0,1.0,1.0
33,1.0,Dwight Howard,Rank + Save,2.0,0,0.0890688259109311,0.0,1.0,1.0
33,1.0,Eric Roberts,Rank + Save,13.0,0,0.0607287449392712,0.0,1.0,1.0
33,1.0,Ilona Maher,Rank + Save,8.0,0,0.0728744939271255,0.0,1.0,1.0
33,1.0,Jenn Tran,Rank + Save,6.0,0,0.0769230769230769,0.0,1.0,1.0
33,1.0,Joey Graziadei,Rank + Save,3.0,0,0.0850202429149797,0.0,1.0,1.0
33,1.0,Phaedra Parks,Rank + Save,6.0,0,0.0769230769230769,0.0,1.0,1.0
33,1.0,Reginald VelJohnson,Rank + Save,12.0,0,0.0647773279352226,0.0,1.0,1.0
33,1.0,Stephen Nedoroscik,Rank + Save,3.0,0,0.0850202429149797,0.0,1.0,1.0
33,1.0,Tori Spelling,Rank + Save,11.0,0,0.068825910931174,0.0,1.0,1.0
33,2.0,Anna Delvey,Rank + Save,11.0,1,0.016752391727396,0.0672523733678708,0.37588,0.9327476266321292
33,2.0,Brooks Nader,Rank + Save,8.0,0,0.050187439869782,0.289268823361919,0.37588,0.710731176638081
33,2.0,Chandler Kinney,Rank + Save,1.0,0,0.0547704180531945,0.2989154802402899,0.37588,0.7010845197597101
33,2.0,Danny Amendola,Rank + Save,5.0,0,0.0460595087630012,0.2795902307043893,0.37588,0.7204097692956106
33,2.0,Dwight Howard,Rank + Save,2.0,0,0.0483856375921348,0.2926119629645455,0.37588,0.7073880370354545
33,2.0,Eric Roberts,Rank + Save,12.0,0,0.0754149900684694,0.3165830431393924,0.37588,0.6834169568606077
33,2.0,Ilona Maher,Rank + Save,5.0,0,0.0445521719100908,0.2776203491115624,0.37588,0.7223796508884376
33,2.0,Jenn Tran,Rank + Save,9.0,0,0.0708433248654943,0.3245564891665198,0.37588,0.6754435108334802
33,2.0,Joey Graziadei,Rank + Save,2.0,0,0.0482118820489041,0.2836123714278506,0.37588,0.7163876285721493
33,2.0,Phaedra Parks,Rank + Save,5.0,0,0.0459020768453201,0.2812080561326984,0.37588,0.7187919438673016
33,2.0,Reginald VelJohnson,Rank + Save,12.0,0,0.075800545663215,0.3233081966946178,0.37588,0.6766918033053821
33,2.0,Stephen Nedoroscik,Rank + Save,2.0,0,0.0483416133064894,0.2861368318181004,0.37588,0.7138631681818997
33,2.0,Tori Spelling,Rank + Save,9.0,1,0.0706512791142416,0.3133700107068006,0.37588,0.6866299892931994
33,3.0,Brooks Nader,Rank + Save,5.0,0,0.0568999923562594,0.3066784934350142,0.43914,0.6933215065649858
33,3.0,Chandler Kinney,Rank + Save,2.0,0,0.068007958620598,0.3232416247081441,0.43914,0.6767583752918559
33,3.0,Danny Amendola,Rank + Save,6.0,0,0.0591679108735357,0.3040996088546536,0.43914,0.6959003911453464
33,3.0,Dwight Howard,Rank + Save,9.0,0,0.0880437634336341,0.3414800522436429,0.43914,0.658519947756357
33,3.0,Eric Roberts,Rank + Save,10.0,1,0.0278815941090347,0.098163676563049,0.43914,0.901836323436951
33,3.0,Ilona Maher,Rank + Save,7.0,0,0.0819655052245983,0.3347632522547489,0.43914,0.6652367477452511
33,3.0,Jenn Tran,Rank + Save,3.0,0,0.0580432795563058,0.3060050967957203,0.43914,0.6939949032042797
33,3.0,Joey Graziadei,Rank + Save,1.0,0,0.0690870559075443,0.3232188388039514,0.43914,0.6767811611960486
33,3.0,Phaedra Parks,Rank + Save,7.0,0,0.0854368220046861,0.3401991432006603,0.43914,0.6598008567993396
33,3.0,Reginald VelJohnson,Rank + Save,11.0,1,0.0987565110017412,0.3452345620553913,0.43914,0.6547654379446086
33,3.0,Stephen Nedoroscik,Rank + Save,3.0,0,0.0572773866131194,0.3024226797016704,0.43914,0.6975773202983295
33,4.0,Brooks Nader,Rank + Save,4.0,1,0.0211557971229346,0.0720687480413798,0.19352,0.9279312519586203
33,4.0,Chandler Kinney,Rank + Save,4.0,0,0.1065162229030035,0.3634051652530299,0.19352,0.6365948347469701
33,4.0,Danny Amendola,Rank + Save,1.0,0,0.0740859976777386,0.3267753704287486,0.19352,0.6732246295712514
33,4.0,Dwight Howard,Rank + Save,9.0,0,0.127295868488279,0.3867942395019089,0.19352,0.6132057604980912
33,4.0,Ilona Maher,Rank + Save,4.0,0,0.1068917277186203,0.3560102132043302,0.19352,0.6439897867956699
33,4.0,Jenn Tran,Rank + Save,4.0,0,0.1076612107639169,0.3594193063984439,0.19352,0.6405806936015561
33,4.0,Joey Graziadei,Rank + Save,1.0,0,0.0749542509114317,0.3288629423575981,0.19352,0.6711370576424018
33,4.0,Phaedra Parks,Rank + Save,4.0,0,0.1083196330772697,0.3612364573621096,0.19352,0.6387635426378904
33,4.0,Stephen Nedoroscik,Rank + Save,3.0,0,0.0872049564837276,0.3290930052425128,0.19352,0.6709069947574873
33,5.0,Chandler Kinney,Rank + Save,1.0,0,0.0971611352801789,0.3609943057294457,0.46272,0.6390056942705543
33,5.0,Danny Amendola,Rank + Save,4.0,0,0.1006267447569788,0.3630218912524076,0.46272,0.6369781087475924
33,5.0,Dwight Howard,Rank + Save,6.0,0,0.1485941959777805,0.4154598173288204,0.46272,0.5845401826711796
33,5.0,Ilona Maher,Rank + Save,2.0,0,0.0917161635493465,0.3568466965684229,0.46272,0.6431533034315771
33,5.0,Jenn Tran,Rank + Save,4.0,0,0.1010133615176437,0.3603429548276919,0.46272,0.639657045172308
33,5.0,Joey Graziadei,Rank + Save,2.0,0,0.0930662360212566,0.3537141627046977,0.46272,0.6462858372953023
33,5.0,Phaedra Parks,Rank + Save,6.0,1,0.0594005379574644,0.1476024371429676,0.46272,0.8523975628570324
33,5.0,Stephen Nedoroscik,Rank + Save,6.0,0,0.149731602777458,0.4106438174595084,0.46272,0.5893561825404916
33,6.0,Chandler Kinney,Rank + Save,1.0,0,0.1061399589419651,0.3644783569308856,0.23576,0.6355216430691144
33,6.0,Danny Amendola,Rank + Save,5.0,0,0.1756955859117154,0.418540181877151,0.23576,0.581459818122849
33,6.0,Dwight Howard,Rank + Save,3.0,0,0.1209512528513578,0.3593808548196823,0.23576,0.6406191451803177
33,6.0,Ilona Maher,Rank + Save,7.0,0,0.1801713766638947,0.4449535022008037,0.23576,0.5550464977991962
33,6.0,Jenn Tran,Rank + Save,3.0,1,0.0341338959883535,0.1016629504196096,0.23576,0.8983370495803904
33,6.0,Joey Graziadei,Rank + Save,1.0,0,0.1072297971364535,0.3722969891694634,0.23576,0.6277030108305366
33,6.0,Stephen Nedoroscik,Rank + Save,5.0,0,0.1535989400333564,0.4011843424257874,0.23576,0.5988156575742126
33,7.0,Chandler Kinney,Rank + Save,1.0,0,0.1351366512349429,0.4184570103119582,0.65,0.5815429896880417
33,7.0,Danny Amendola,Rank + Save,5.0,0,0.1877466841221108,0.456624970629582,0.65,0.543375029370418
33,7.0,Dwight Howard,Rank + Save,6.0,1,0.115336827819307,0.2649283720126157,0.65,0.7350716279873843
33,7.0,Ilona Maher,Rank + Save,4.0,0,0.1885007064230369,0.4573702566230893,0.65,0.5426297433769107
33,7.0,Joey Graziadei,Rank + Save,2.0,0,0.1259866727192084,0.4026556491001506,0.65,0.5973443508998494
33,7.0,Stephen Nedoroscik,Rank + Save,3.0,0,0.1343963243442427,0.4057775054368593,0.65,0.5942224945631407
33,8.0,Chandler Kinney,Rank + Save,1.0,0,0.2071428571428571,0.0,1.0,1.0
33,8.0,Danny Amendola,Rank + Save,4.0,0,0.1928571428571428,0.0,1.0,1.0
33,8.0,Ilona Maher,Rank + Save,3.0,0,0.2035714285714285,0.0,1.0,1.0
33,8.0,Joey Graziadei,Rank + Save,1.0,0,0.2071428571428571,0.0,1.0,1.0
33,8.0,Stephen Nedoroscik,Rank + Save,5.0,0,0.1892857142857142,0.0,1.0,1.0
33,9.0,Chandler Kinney,Rank + Save,1.0,0,0.2061855670103092,0.0,1.0,1.0
33,9.0,Danny Amendola,Rank + Save,5.0,0,0.1924398625429553,0.0,1.0,1.0
33,9.0,Ilona Maher,Rank + Save,4.0,0,0.1958762886597938,0.0,1.0,1.0
33,9.0,Joey Graziadei,Rank + Save,2.0,0,0.2027491408934708,0.0,1.0,1.0
33,9.0,Stephen Nedoroscik,Rank + Save,2.0,0,0.2027491408934708,0.0,1.0,1.0
34,1.0,Alix Earle,Rank + Save,4.0,0,0.0657750438636003,0.0,0.0,1.0
34,1.0,Andy Richter,Rank + Save,13.0,0,0.0770507641058615,0.0,0.0,1.0
34,1.0,Baron Davis,Rank + Save,9.0,0,0.077050764090494,0.0,0.0,1.0
34,1.0,Corey Feldman,Rank + Save,13.0,0,0.0770507641058615,0.0,0.0,1.0
34,1.0,Danielle Fishel,Rank + Save,6.0,0,0.0611740356101261,0.0,0.0,1.0
34,1.0,Dylan Efron,Rank + Save,9.0,0,0.077050764090494,0.0,0.0,1.0
34,1.0,Elaine Hendrix,Rank + Save,6.0,0,0.0611740356101261,0.0,0.0,1.0
34,1.0,Hilaria Baldwin,Rank + Save,3.0,0,0.0708346611855043,0.0,0.0,1.0
34,1.0,Jen Affleck,Rank + Save,6.0,0,0.0611740356101261,0.0,0.0,1.0
34,1.0,Jordan Chiles,Rank + Save,9.0,0,0.077050764090494,0.0,0.0,1.0
34,1.0,Lauren Jauregui,Rank + Save,4.0,0,0.0657750438636003,0.0,0.0,1.0
34,1.0,Robert Irwin,Rank + Save,1.0,0,0.0758942798416085,0.0,0.0,1.0
34,1.0,Scott Hoying,Rank + Save,9.0,0,0.077050764090494,0.0,0.0,1.0
34,1.0,Whitney Leavitt,Rank + Save,1.0,1,0.0758942798416085,0.0,0.0,1.0
34,2.0,Alix Earle,Rank + Save,5.0,0,0.0388673578788497,0.2666875344851744,0.2675,0.7333124655148255
34,2.0,Andy Richter,Rank + Save,13.0,0,0.0707525929973681,0.3160182401753235,0.2675,0.6839817598246765
34,2.0,Baron Davis,Rank + Save,11.0,1,0.0097580665112347,0.0474104625289342,0.2675,0.9525895374710658
34,2.0,Corey Feldman,Rank + Save,14.0,1,0.0744605816083518,0.3151134731366557,0.2675,0.6848865268633443
34,2.0,Danielle Fishel,Rank + Save,10.0,0,0.0659466086321265,0.306130926177337,0.2675,0.6938690738226629
34,2.0,Dylan Efron,Rank + Save,9.0,0,0.0497667508665549,0.28501142461633,0.2675,0.71498857538367
34,2.0,Elaine Hendrix,Rank + Save,5.0,0,0.0387681274402198,0.2745183643695416,0.2675,0.7254816356304584
34,2.0,Hilaria Baldwin,Rank + Save,5.0,0,0.0403495888206162,0.2764814692694969,0.2675,0.7235185307305031
34,2.0,Jen Affleck,Rank + Save,1.0,0,0.0438016575457067,0.2758049394644335,0.2675,0.7241950605355665
34,2.0,Jordan Chiles,Rank + Save,1.0,0,0.0427655350341091,0.2764736453095748,0.2675,0.7235263546904251
34,2.0,Lauren Jauregui,Rank + Save,5.0,0,0.0408990735787651,0.2700783554837318,0.2675,0.7299216445162682
34,2.0,Robert Irwin,Rank + Save,1.0,0,0.0432542884085371,0.2820491909957038,0.2675,0.7179508090042962
34,2.0,Scott Hoying,Rank + Save,11.0,0,0.0661753465630982,0.3081253201081396,0.2675,0.6918746798918605
34,2.0,Whitney Leavitt,Rank + Save,1.0,0,0.0428648992944201,0.2805853605500824,0.2675,0.7194146394499177
34,3.0,Alix Earle,Rank + Save,3.0,0,0.0521610353308369,0.2982719429749781,0.49634,0.701728057025022
34,3.0,Andy Richter,Rank + Save,11.0,0,0.0849903172673567,0.3388746033322072,0.49634,0.6611253966677928
34,3.0,Danielle Fishel,Rank + Save,8.0,0,0.0777969282059201,0.3371021582694953,0.49634,0.6628978417305047
34,3.0,Dylan Efron,Rank + Save,3.0,0,0.0528057279590187,0.297283604055666,0.49634,0.702716395944334
34,3.0,Elaine Hendrix,Rank + Save,8.0,0,0.0767505360862457,0.3287566489817582,0.49634,0.6712433510182418
34,3.0,Hilaria Baldwin,Rank + Save,5.0,0,0.0488210542191291,0.2860467000701822,0.49634,0.7139532999298178
34,3.0,Jen Affleck,Rank + Save,10.0,0,0.0832016764141603,0.3347937837198913,0.49634,0.6652062162801087
34,3.0,Jordan Chiles,Rank + Save,1.0,0,0.0561936353974595,0.3004033459349813,0.49634,0.6995966540650187
34,3.0,Lauren Jauregui,Rank + Save,11.0,1,0.0275884690190134,0.0975575933641875,0.49634,0.9024424066358125
34,3.0,Robert Irwin,Rank + Save,5.0,0,0.0496107142420027,0.2851580179788858,0.49634,0.7148419820211143
34,3.0,Scott Hoying,Rank + Save,5.0,0,0.0504185922653518,0.2961970053008451,0.49634,0.7038029946991549
34,3.0,Whitney Leavitt,Rank + Save,1.0,0,0.0559509746964086,0.3015961701632317,0.49634,0.6984038298367683
34,4.0,Alix Earle,Rank + Save,2.0,0,0.0505248675998862,0.2922174071163534,0.118,0.7077825928836465
34,4.0,Andy Richter,Rank + Save,11.0,0,0.1165158506259968,0.3709367747048835,0.118,0.6290632252951165
34,4.0,Danielle Fishel,Rank + Save,9.0,0,0.1057742340263086,0.3641190163402744,0.118,0.6358809836597257
34,4.0,Dylan Efron,Rank + Save,5.0,0,0.0565770694701396,0.2992274192121518,0.118,0.7007725807878482
34,4.0,Elaine Hendrix,Rank + Save,2.0,0,0.04963659644175,0.2989282063854472,0.118,0.7010717936145527
34,4.0,Hilaria Baldwin,Rank + Save,5.0,1,0.0071333864448155,0.0398179185401072,0.118,0.9601820814598928
34,4.0,Jen Affleck,Rank + Save,5.0,0,0.0559346357346119,0.2960940119977773,0.118,0.7039059880022227
34,4.0,Jordan Chiles,Rank + Save,2.0,0,0.0514696892845461,0.297218027841909,0.118,0.702781972158091
34,4.0,Robert Irwin,Rank + Save,8.0,0,0.097194363058077,0.3430401327786668,0.118,0.6569598672213333
34,4.0,Scott Hoying,Rank + Save,9.0,0,0.1116330646629712,0.3515594512319218,0.118,0.6484405487680782
34,4.0,Whitney Leavitt,Rank + Save,1.0,0,0.0545379207755027,0.2944109271442871,0.118,0.7055890728557128
34,5.0,Alix Earle,Rank + Save,2.0,0,0.1118210862619808,0.0,1.0,1.0
34,5.0,Andy Richter,Rank + Save,10.0,0,0.0766773162939297,0.0,1.0,1.0
34,5.0,Danielle Fishel,Rank + Save,8.0,0,0.0926517571884984,0.0,1.0,1.0
34,5.0,Dylan Efron,Rank + Save,1.0,0,0.1150159744408945,0.0,1.0,1.0
34,5.0,Elaine Hendrix,Rank + Save,6.0,0,0.0958466453674121,0.0,1.0,1.0
34,5.0,Jen Affleck,Rank + Save,8.0,0,0.0926517571884984,0.0,1.0,1.0
34,5.0,Jordan Chiles,Rank + Save,5.0,0,0.1022364217252396,0.0,1.0,1.0
34,5.0,Robert Irwin,Rank + Save,2.0,0,0.1118210862619808,0.0,1.0,1.0
34,5.0,Scott Hoying,Rank + Save,6.0,0,0.0958466453674121,0.0,1.0,1.0
34,5.0,Whitney Leavitt,Rank + Save,4.0,0,0.1054313099041533,0.0,1.0,1.0
34,6.0,Alix Earle,Rank + Save,6.0,0,0.0720143242374237,0.3276570961808346,0.54156,0.6723429038191654
34,6.0,Andy Richter,Rank + Save,10.0,0,0.1066038508538578,0.3694401795315237,0.54156,0.6305598204684764
34,6.0,Danielle Fishel,Rank + Save,3.0,0,0.0663028237093666,0.3218913629890437,0.54156,0.6781086370109564
34,6.0,Dylan Efron,Rank + Save,7.0,0,0.1001904513472181,0.3617975031733361,0.54156,0.638202496826664
34,6.0,Elaine Hendrix,Rank + Save,3.0,0,0.0665209206717642,0.3230855812136011,0.54156,0.6769144187863989
34,6.0,Jen Affleck,Rank + Save,7.0,0,0.1012859904300116,0.3587613484926282,0.54156,0.6412386515073718
34,6.0,Jordan Chiles,Rank + Save,1.0,0,0.074493304259294,0.3317067984636675,0.54156,0.6682932015363325
34,6.0,Robert Irwin,Rank + Save,3.0,0,0.0657336658892739,0.3229268443261212,0.54156,0.6770731556738788
34,6.0,Scott Hoying,Rank + Save,9.0,1,0.0425476181903081,0.1341238877081144,0.54156,0.8658761122918857
34,6.0,Whitney Leavitt,Rank + Save,1.0,0,0.0734438745576546,0.3339523897945528,0.54156,0.6660476102054472
34,7.0,Alix Earle,Rank + Save,1.0,0,0.0881784333066166,0.3460115565081794,0.35222,0.6539884434918206
34,7.0,Andy Richter,Rank + Save,9.0,0,0.1244247417701636,0.3848726054675558,0.35222,0.6151273945324442
34,7.0,Danielle Fishel,Rank + Save,6.0,0,0.1184567379170533,0.3723631045760529,0.35222,0.6276368954239471
34,7.0,Dylan Efron,Rank + Save,4.0,0,0.0820561263172724,0.337215075039297,0.35222,0.662784924960703
34,7.0,Elaine Hendrix,Rank + Save,8.0,0,0.1234558402463479,0.3824047007152915,0.35222,0.6175952992847085
34,7.0,Jen Affleck,Rank + Save,7.0,1,0.0358114026810582,0.1041444928510533,0.35222,0.8958555071489467
34,7.0,Jordan Chiles,Rank + Save,4.0,0,0.0773248924672053,0.3328646849909728,0.35222,0.6671353150090271
34,7.0,Robert Irwin,Rank + Save,3.0,0,0.0832555347564419,0.3463068260092976,0.35222,0.6536931739907024
34,7.0,Whitney Leavitt,Rank + Save,2.0,0,0.0846655334871292,0.3448755185007073,0.35222,0.6551244814992927
34,8.0,Alix Earle,Rank + Save,3.0,0,0.0941920912679418,0.3573632437688339,0.45368,0.6426367562311661
34,8.0,Andy Richter,Rank + Save,8.0,0,0.1489923009248945,0.4157582590963101,0.45368,0.58424174090369
34,8.0,Danielle Fishel,Rank + Save,7.0,1,0.0583889984652337,0.1460254296824936,0.45368,0.8539745703175063
34,8.0,Dylan Efron,Rank + Save,4.0,0,0.1017701648092886,0.3624147941880924,0.45368,0.6375852058119076
34,8.0,Elaine Hendrix,Rank + Save,6.0,0,0.1468511992909792,0.4103010913718152,0.45368,0.5896989086281847
34,8.0,Jordan Chiles,Rank + Save,2.0,0,0.0939655653460512,0.3610826554769385,0.45368,0.6389173445230615
34,8.0,Robert Irwin,Rank + Save,4.0,0,0.1022247567598451,0.3628943944670213,0.45368,0.6371056055329787
34,8.0,Whitney Leavitt,Rank + Save,1.0,0,0.094500600957254,0.3576128222345138,0.45368,0.6423871777654862
34,9.0,Alix Earle,Rank + Save,4.0,0,0.119198256325235,0.3939845818900519,0.69812,0.6060154181099481
34,9.0,Andy Richter,Rank + Save,7.0,1,0.1020833816673659,0.2660965597332222,0.69812,0.7339034402667778
34,9.0,Dylan Efron,Rank + Save,1.0,0,0.1141552678831014,0.3964022589691338,0.69812,0.6035977410308662
34,9.0,Elaine Hendrix,Rank + Save,6.0,0,0.1633550715919736,0.4402598501993967,0.69812,0.5597401498006034
34,9.0,Jordan Chiles,Rank + Save,5.0,0,0.1206766026575237,0.3927196200778525,0.69812,0.6072803799221476
34,9.0,Robert Irwin,Rank + Save,1.0,0,0.1140456235322034,0.3940239705321848,0.69812,0.6059760294678151
34,9.0,Whitney Leavitt,Rank + Save,1.0,0,0.1132191752103038,0.3929106175906954,0.69812,0.6070893824093047
34,10.0,Alix Earle,Rank + Save,2.0,0,0.1422935347903226,0.368151776379902,0.2624,0.631848223620098
34,10.0,Dylan Efron,Rank + Save,6.0,0,0.1994261874826888,0.4643721805653387,0.2624,0.5356278194346613
34,10.0,Elaine Hendrix,Rank + Save,4.0,0,0.1978986070053199,0.4285126363181646,0.2624,0.5714873636818354
34,10.0,Jordan Chiles,Rank + Save,4.0,0,0.1972092700599898,0.4236932992923424,0.2624,0.5763067007076577
34,10.0,Robert Irwin,Rank + Save,1.0,0,0.1222805872925379,0.3839564676692597,0.2624,0.6160435323307403
34,10.0,Whitney Leavitt,Rank + Save,2.0,1,0.0464709809875977,0.1211363951415726,0.2624,0.8788636048584274
34,11.0,Alix Earle,Rank + Save,1.0,0,0.2031609129238783,0.0,1.0,1.0
34,11.0,Dylan Efron,Rank + Save,4.0,0,0.1986453230326235,0.0,1.0,1.0
34,11.0,Elaine Hendrix,Rank + Save,5.0,0,0.1963875280869962,0.0,1.0,1.0
34,11.0,Jordan Chiles,Rank + Save,2.0,0,0.2009031179782509,0.0,1.0,1.0
34,11.0,Robert Irwin,Rank + Save,2.0,0,0.2009031179782509,0.0,1.0,1.0
