season,week,celebrity_name,era,judge_rank,is_eliminated,estimated_fan_share,uncertainty_95ci,valid_rate
1,1.0,Evander Holyfield,Rank,4.0,0,0.1651376146788991,0.0,1.0
1,1.0,Joey McIntyre,Rank,1.0,0,0.1834862385321101,0.0,1.0
1,1.0,John O'Hurley,Rank,1.0,0,0.1834862385321101,0.0,1.0
1,1.0,Kelly Monaco,Rank,6.0,0,0.11926605504587157,0.0,1.0
1,1.0,Rachel Hunter,Rank,1.0,0,0.1834862385321101,0.0,1.0
1,1.0,Trista Sutter,Rank,4.0,0,0.1651376146788991,0.0,1.0
1,2.0,Evander Holyfield,Rank,6.0,0,0.24723260431016914,0.3770569997561598,0.09402
1,2.0,Joey McIntyre,Rank,3.0,0,0.13150971457465793,0.35728939412240107,0.09402
1,2.0,John O'Hurley,Rank,1.0,0,0.13311850949918574,0.40020977228219984,0.09402
1,2.0,Kelly Monaco,Rank,5.0,0,0.1993486524031834,0.3914128311997329,0.09402
1,2.0,Rachel Hunter,Rank,2.0,0,0.12244612801774077,0.39836944942280034,0.09402
1,2.0,Trista Sutter,Rank,4.0,1,0.051109632270025074,0.120954139782901,0.09402
1,3.0,Evander Holyfield,Rank,5.0,1,0.13747045937280186,0.2895376204207143,0.57788
1,3.0,Joey McIntyre,Rank,3.0,0,0.17186936742525794,0.44757642605338976,0.57788
1,3.0,John O'Hurley,Rank,2.0,0,0.17783410480010162,0.4589437279830351,0.57788
1,3.0,Kelly Monaco,Rank,4.0,0,0.23639612518968928,0.4738439598867415,0.57788
1,3.0,Rachel Hunter,Rank,1.0,0,0.19926400995832555,0.4746596883032854,0.57788
1,4.0,Joey McIntyre,Rank,4.0,0,0.4239695085937917,0.3541475445639103,0.05886
1,4.0,John O'Hurley,Rank,3.0,0,0.27701371980314426,0.22207342451695652,0.05886
1,4.0,Kelly Monaco,Rank,1.0,0,0.18404938389917522,0.193662768347956,0.05886
1,4.0,Rachel Hunter,Rank,2.0,1,0.10033131138014498,0.17752024090438903,0.05886
1,5.0,Joey McIntyre,Rank,3.0,0,0.3082191780821918,0.0,1.0
1,5.0,John O'Hurley,Rank,1.0,0,0.3698630136986301,0.0,1.0
1,5.0,Kelly Monaco,Rank,2.0,0,0.3219178082191781,0.0,1.0
1,6.0,John O'Hurley,Rank,2.0,0,0.4954128440366973,0.0,1.0
1,6.0,Kelly Monaco,Rank,1.0,0,0.5045871559633027,0.0,1.0
2,1.0,Drew Lachey,Rank,1.0,0,0.0807659976875113,0.33939099170151515,0.27698
2,1.0,George Hamilton,Rank,8.0,0,0.11148778911331553,0.35083336009423705,0.27698
2,1.0,Giselle Fernandez,Rank,2.0,0,0.07549901871077258,0.3395415043764278,0.27698
2,1.0,Jerry Rice,Rank,5.0,0,0.06876036927924582,0.3191523653902763,0.27698
2,1.0,Kenny Mayne,Rank,9.0,1,0.023521761052797876,0.08289224856500747,0.27698
2,1.0,Lisa Rinna,Rank,7.0,0,0.09025054941196338,0.3511312334106447,0.27698
2,1.0,Master P,Rank,10.0,0,0.11121563482223311,0.34844010627514616,0.27698
2,1.0,Stacy Keibler,Rank,4.0,0,0.06994201058883379,0.33244156199076347,0.27698
2,1.0,Tatum O'Neal,Rank,2.0,0,0.07465885898057728,0.3341123536284301,0.27698
2,1.0,Tia Carrere,Rank,6.0,0,0.0660035818187205,0.3174911350854087,0.27698
2,2.0,Drew Lachey,Rank,2.0,0,0.08667706631376128,0.3502543357099589,0.24866
2,2.0,George Hamilton,Rank,5.0,0,0.09542413637630869,0.3601571022184687,0.24866
2,2.0,Giselle Fernandez,Rank,3.0,0,0.07511649235014205,0.3321411264751623,0.24866
2,2.0,Jerry Rice,Rank,4.0,0,0.07033844738802862,0.3276168623769977,0.24866
2,2.0,Lisa Rinna,Rank,7.0,0,0.1215497589808557,0.35653794352346835,0.24866
2,2.0,Master P,Rank,9.0,0,0.14349429717895787,0.3538844509731601,0.24866
2,2.0,Stacy Keibler,Rank,1.0,0,0.09357085965564824,0.3525505939643438,0.24866
2,2.0,Tatum O'Neal,Rank,8.0,1,0.029264483953062897,0.0949073851334905,0.24866
2,2.0,Tia Carrere,Rank,5.0,0,0.08975331116498116,0.35495837371199696,0.24866
2,3.0,Drew Lachey,Rank,1.0,0,0.09027080497895339,0.36281193386776267,0.1289
2,3.0,George Hamilton,Rank,5.0,0,0.11871640069132186,0.3693506710031625,0.1289
2,3.0,Giselle Fernandez,Rank,5.0,1,0.02864324735122068,0.08618188702253256,0.1289
2,3.0,Jerry Rice,Rank,7.0,0,0.14703555454072662,0.36939752675457016,0.1289
2,3.0,Lisa Rinna,Rank,4.0,0,0.08648321369383105,0.34522797246523995,0.1289
2,3.0,Master P,Rank,8.0,0,0.17560744755289978,0.37211736135191953,0.1289
2,3.0,Stacy Keibler,Rank,1.0,0,0.09119498907905739,0.3570803108630639,0.1289
2,3.0,Tia Carrere,Rank,3.0,0,0.08648309506297626,0.3427346653444659,0.1289
2,4.0,Drew Lachey,Rank,1.0,0,0.1317028926734602,0.411636645592644,0.36568
2,4.0,George Hamilton,Rank,6.0,0,0.18332596077509652,0.40191104629657715,0.36568
2,4.0,Jerry Rice,Rank,5.0,0,0.13461215071985733,0.38977495441144955,0.36568
2,4.0,Lisa Rinna,Rank,2.0,0,0.12006697681675896,0.3954105086416691,0.36568
2,4.0,Master P,Rank,7.0,1,0.06117783658675713,0.163319052460268,0.36568
2,4.0,Stacy Keibler,Rank,2.0,0,0.11804278165440013,0.39828437473878364,0.36568
2,4.0,Tia Carrere,Rank,4.0,0,0.11477257834092092,0.38337947553208224,0.36568
2,5.0,Drew Lachey,Rank,2.0,0,0.12475241789688862,0.40569285933301424,0.39388
2,5.0,George Hamilton,Rank,4.0,0,0.18021156124315146,0.4327062787544236,0.39388
2,5.0,Jerry Rice,Rank,5.0,0,0.21103200135507183,0.41735554758928795,0.39388
2,5.0,Lisa Rinna,Rank,3.0,0,0.15748565780509743,0.42507225202345816,0.39388
2,5.0,Stacy Keibler,Rank,1.0,0,0.1427239626370286,0.41816500506776194,0.39388
2,5.0,Tia Carrere,Rank,6.0,1,0.07895046991134264,0.18383771281036845,0.39388
2,6.0,Drew Lachey,Rank,1.0,0,0.18370310476383275,0.45852983594905355,0.389
2,6.0,George Hamilton,Rank,4.0,1,0.11380397044725256,0.2224944873974714,0.389
2,6.0,Jerry Rice,Rank,4.0,0,0.26659636431349354,0.44184231791171075,0.389
2,6.0,Lisa Rinna,Rank,3.0,0,0.1825883438350534,0.4367303026248496,0.389
2,6.0,Stacy Keibler,Rank,1.0,0,0.18208766723650327,0.4575962277976704,0.389
2,7.0,Drew Lachey,Rank,1.0,0,0.22855433948060952,0.448657304429761,0.32886
2,7.0,Jerry Rice,Rank,4.0,0,0.37988771533636656,0.4269314237303623,0.32886
2,7.0,Lisa Rinna,Rank,3.0,1,0.12937122486613034,0.22339313445917125,0.32886
2,7.0,Stacy Keibler,Rank,1.0,0,0.2283211591173512,0.45330792347157467,0.32886
2,8.0,Drew Lachey,Rank,1.0,0,0.34387291318097685,0.0,1.0
2,8.0,Jerry Rice,Rank,3.0,0,0.31620636785880724,0.0,1.0
2,8.0,Stacy Keibler,Rank,2.0,0,0.33992071896021603,0.0,1.0
28,1.0,Ally Brooke,Rank + Save,7.0,0,0.09769738581302288,0.0,0.0
28,1.0,Hannah Brown,Rank + Save,2.0,0,0.09106447567225807,0.0,0.0
28,1.0,James Van Der Beek,Rank + Save,1.0,1,0.09561769945586979,0.0,0.0
28,1.0,Karamo Brown,Rank + Save,5.0,0,0.07782332537403862,0.0,0.0
28,1.0,Kate Flannery,Rank + Save,9.0,0,0.09793564754955456,0.0,0.0
28,1.0,Kel Mitchell,Rank + Save,7.0,0,0.09769738581302288,0.0,0.0
28,1.0,Lamar Odom,Rank + Save,11.0,0,0.0979357042911636,0.0,0.0
28,1.0,Lauren Alaina,Rank + Save,3.0,0,0.08651125189811533,0.0,0.0
28,1.0,Mary Wilson,Rank + Save,5.0,0,0.07782332537403862,0.0,0.0
28,1.0,Sailor Brinkley-Cook,Rank + Save,4.0,0,0.08195809446775214,0.0,0.0
28,1.0,Sean Spicer,Rank + Save,10.0,0,0.0979357042911636,0.0,0.0
28,2.0,Ally Brooke,Rank + Save,3.0,0,0.059239087830847165,0.3056224329269708,0.46506
28,2.0,Hannah Brown,Rank + Save,1.0,0,0.07728311668638657,0.33828676794988527,0.46506
28,2.0,James Van Der Beek,Rank + Save,3.0,0,0.05995592897596659,0.31044142255074725,0.46506
28,2.0,Karamo Brown,Rank + Save,6.0,0,0.06042992059838376,0.30679363973965296,0.46506
28,2.0,Kate Flannery,Rank + Save,2.0,0,0.06417406523392065,0.3177111389766657,0.46506
28,2.0,Kel Mitchell,Rank + Save,3.0,0,0.058776721737928674,0.3069354032222395,0.46506
28,2.0,Lamar Odom,Rank + Save,11.0,0,0.09602857975497509,0.3494645196811818,0.46506
28,2.0,Lauren Alaina,Rank + Save,6.0,0,0.06017247785099238,0.3026008092501371,0.46506
28,2.0,Mary Wilson,Rank + Save,10.0,1,0.030310731990934633,0.10678794357137102,0.46506
28,2.0,Sailor Brinkley-Cook,Rank + Save,8.0,0,0.08921848032874365,0.3434739581664667,0.46506
28,2.0,Sean Spicer,Rank + Save,9.0,0,0.09204339455306905,0.34650324232125473,0.46506
28,3.0,Ally Brooke,Rank + Save,1.0,0,0.12121212121212122,0.0,1.0
28,3.0,Hannah Brown,Rank + Save,5.0,0,0.10606060606060606,0.0,1.0
28,3.0,James Van Der Beek,Rank + Save,3.0,0,0.11616161616161616,0.0,1.0
28,3.0,Karamo Brown,Rank + Save,8.0,0,0.08080808080808081,0.0,1.0
28,3.0,Kate Flannery,Rank + Save,1.0,0,0.12121212121212122,0.0,1.0
28,3.0,Kel Mitchell,Rank + Save,6.0,0,0.10101010101010101,0.0,1.0
28,3.0,Lamar Odom,Rank + Save,10.0,0,0.06060606060606061,0.0,1.0
28,3.0,Lauren Alaina,Rank + Save,6.0,0,0.10101010101010101,0.0,1.0
28,3.0,Sailor Brinkley-Cook,Rank + Save,3.0,0,0.11616161616161616,0.0,1.0
28,3.0,Sean Spicer,Rank + Save,9.0,0,0.07575757575757576,0.0,1.0
28,4.0,Ally Brooke,Rank + Save,1.0,0,0.06947537221764172,0.32898421244437775,0.58956
28,4.0,Hannah Brown,Rank + Save,1.0,0,0.07076860302032374,0.3317984147208413,0.58956
28,4.0,James Van Der Beek,Rank + Save,6.0,0,0.08453974169333621,0.3430161214078674,0.58956
28,4.0,Karamo Brown,Rank + Save,6.0,0,0.08318444218104709,0.3477681543012288,0.58956
28,4.0,Kate Flannery,Rank + Save,8.0,0,0.09909539556330252,0.3555777408705081,0.58956
28,4.0,Kel Mitchell,Rank + Save,1.0,0,0.06999998623913511,0.33700683971988354,0.58956
28,4.0,Lamar Odom,Rank + Save,10.0,1,0.04492482459945931,0.15053266696842993,0.58956
28,4.0,Lauren Alaina,Rank + Save,1.0,0,0.0688040494492928,0.3268368678999829,0.58956
28,4.0,Sailor Brinkley-Cook,Rank + Save,5.0,0,0.07266407063309396,0.326954931410103,0.58956
28,4.0,Sean Spicer,Rank + Save,9.0,0,0.10261526500570783,0.36507369800625145,0.58956
28,5.0,Ally Brooke,Rank + Save,1.0,0,0.12558139534883722,0.0,1.0
28,5.0,Hannah Brown,Rank + Save,4.0,0,0.11627906976744186,0.0,1.0
28,5.0,James Van Der Beek,Rank + Save,2.0,0,0.12093023255813953,0.0,1.0
28,5.0,Karamo Brown,Rank + Save,8.0,0,0.09767441860465116,0.0,1.0
28,5.0,Kate Flannery,Rank + Save,5.0,0,0.11162790697674418,0.0,1.0
28,5.0,Kel Mitchell,Rank + Save,2.0,0,0.12093023255813953,0.0,1.0
28,5.0,Lauren Alaina,Rank + Save,7.0,0,0.10697674418604651,0.0,1.0
28,5.0,Sailor Brinkley-Cook,Rank + Save,5.0,0,0.11162790697674418,0.0,1.0
28,5.0,Sean Spicer,Rank + Save,9.0,0,0.08837209302325581,0.0,1.0
28,6.0,Ally Brooke,Rank + Save,6.0,0,0.15106040877597374,0.3312172962191643,0.00194
28,6.0,Hannah Brown,Rank + Save,8.0,0,0.24282516119923372,0.2957595268450834,0.00194
28,6.0,James Van Der Beek,Rank + Save,1.0,0,0.03897636990605339,0.16710705246122914,0.00194
28,6.0,Karamo Brown,Rank + Save,6.0,0,0.15406234676077163,0.34726328831613584,0.00194
28,6.0,Kate Flannery,Rank + Save,1.0,0,0.0404038023709681,0.12096128696975678,0.00194
28,6.0,Kel Mitchell,Rank + Save,4.0,0,0.0906102076483665,0.19203368524023123,0.00194
28,6.0,Lauren Alaina,Rank + Save,4.0,0,0.09300412861086628,0.30251129718587444,0.00194
28,6.0,Sailor Brinkley-Cook,Rank + Save,1.0,1,0.009205230770393735,0.03299319271406727,0.00194
28,6.0,Sean Spicer,Rank + Save,9.0,0,0.05749119407283524,0.2215070278001744,0.00194
28,7.0,Ally Brooke,Rank + Save,1.0,0,0.09458758268342485,0.3600604521171719,0.3118
28,7.0,Hannah Brown,Rank + Save,4.0,0,0.09908522628592811,0.35914243810397256,0.3118
28,7.0,James Van Der Beek,Rank + Save,1.0,0,0.09357657358042762,0.36415967114761977,0.3118
28,7.0,Karamo Brown,Rank + Save,6.0,1,0.04573968382699438,0.12145203400425739,0.3118
28,7.0,Kate Flannery,Rank + Save,7.0,0,0.1534433964296681,0.40983370780608547,0.3118
28,7.0,Kel Mitchell,Rank + Save,5.0,0,0.11972229540869872,0.36447607891923917,0.3118
28,7.0,Lauren Alaina,Rank + Save,1.0,0,0.09217134757848358,0.35621714281390365,0.3118
28,7.0,Sean Spicer,Rank + Save,8.0,0,0.1534261805086347,0.41865311140544686,0.3118
28,8.0,Ally Brooke,Rank + Save,3.0,0,0.11893745720105199,0.37142261529580534,0.28788
28,8.0,Hannah Brown,Rank + Save,2.0,0,0.11585036478567422,0.3841103814515942,0.28788
28,8.0,James Van Der Beek,Rank + Save,1.0,0,0.11691562460973759,0.385365913655677,0.28788
28,8.0,Kate Flannery,Rank + Save,5.0,1,0.05205292412670595,0.12877893253176598,0.28788
28,8.0,Kel Mitchell,Rank + Save,4.0,0,0.13805795840826646,0.39434958827358646,0.28788
28,8.0,Lauren Alaina,Rank + Save,6.0,0,0.1684906083738003,0.4131083905205315,0.28788
28,8.0,Sean Spicer,Rank + Save,7.0,0,0.17096473192341252,0.43077854172322533,0.28788
28,9.0,Ally Brooke,Rank + Save,1.0,0,0.1493982544569942,0.43792593460897705,0.74278
28,9.0,Hannah Brown,Rank + Save,4.0,0,0.15057365725330962,0.422815285057041,0.74278
28,9.0,James Van Der Beek,Rank + Save,3.0,0,0.14179054989990764,0.41893520037914517,0.74278
28,9.0,Kel Mitchell,Rank + Save,2.0,0,0.1361720928647326,0.4246663859760525,0.74278
28,9.0,Lauren Alaina,Rank + Save,5.0,0,0.1541031974078076,0.4375117146034165,0.74278
28,9.0,Sean Spicer,Rank + Save,6.0,1,0.13809907511676264,0.35406521065445345,0.74278
28,10.0,Ally Brooke,Rank + Save,1.0,0,0.15284476307799177,0.4406575651270251,0.77156
28,10.0,Hannah Brown,Rank + Save,3.0,0,0.21519787138337837,0.4862496500103013,0.77156
28,10.0,James Van Der Beek,Rank + Save,5.0,1,0.16142125592222423,0.38169721043672244,0.77156
28,10.0,Kel Mitchell,Rank + Save,2.0,0,0.1676600434440091,0.44252541540554463,0.77156
28,10.0,Lauren Alaina,Rank + Save,3.0,0,0.2113738903022293,0.4816963724330398,0.77156
28,11.0,Ally Brooke,Rank + Save,1.0,0,0.2564102564102564,0.0,1.0
28,11.0,Hannah Brown,Rank + Save,3.0,0,0.24786324786324787,0.0,1.0
28,11.0,Kel Mitchell,Rank + Save,2.0,0,0.25213675213675213,0.0,1.0
28,11.0,Lauren Alaina,Rank + Save,4.0,0,0.24358974358974358,0.0,1.0
29,1.0,AJ McLean,Rank + Save,6.0,0,0.03342432441231618,0.23029200885594092,0.04168
29,1.0,Anne Heche,Rank + Save,6.0,0,0.031927550523390136,0.2487141982556558,0.04168
29,1.0,Carole Baskin,Rank + Save,14.0,0,0.0977979003482768,0.32842483086791824,0.04168
29,1.0,Charles Oakley,Rank + Save,13.0,0,0.09201960700015951,0.3269545916962041,0.04168
29,1.0,Chrishell Stause,Rank + Save,12.0,0,0.08077782545494629,0.32463577487939227,0.04168
29,1.0,Jesse Metcalfe,Rank + Save,6.0,0,0.031905731045500256,0.25367383527088677,0.04168
29,1.0,Johnny Weir,Rank + Save,6.0,1,0.0016996130796094813,0.015661777067669237,0.04168
29,1.0,Justina Machado,Rank + Save,1.0,0,0.03520035929409182,0.2539314766586344,0.04168
29,1.0,Kaitlyn Bristowe,Rank + Save,3.0,0,0.03266264529901988,0.2730387479183515,0.04168
29,1.0,Monica Aldama,Rank + Save,5.0,0,0.03509993310401605,0.24750737611519927,0.04168
29,1.0,Nelly,Rank + Save,11.0,0,0.08078038065770263,0.3066579982909416,0.04168
29,1.0,Nev Schulman,Rank + Save,3.0,0,0.033154002772091906,0.2552456672788593,0.04168
29,1.0,Skai Jackson,Rank + Save,1.0,1,0.03541869189043084,0.2667865381074362,0.04168
29,1.0,Veron Davis,Rank + Save,10.0,0,0.07224571914881225,0.31562428478052806,0.04168
29,2.0,AJ McLean,Rank + Save,5.0,0,0.035039797908810635,0.2622453628599861,0.47846
29,2.0,Anne Heche,Rank + Save,6.0,0,0.050967622526504594,0.29135231071491297,0.47846
29,2.0,Carole Baskin,Rank + Save,11.0,0,0.06131713594476723,0.3039579848953239,0.47846
29,2.0,Charles Oakley,Rank + Save,13.0,1,0.016051784204722846,0.06999312516192968,0.47846
29,2.0,Chrishell Stause,Rank + Save,6.0,0,0.05186460489231759,0.2922142614528422,0.47846
29,2.0,Jesse Metcalfe,Rank + Save,4.0,0,0.03899358009329024,0.2712149260431427,0.47846
29,2.0,Johnny Weir,Rank + Save,6.0,0,0.04987219431958558,0.2848847969074034,0.47846
29,2.0,Justina Machado,Rank + Save,2.0,0,0.04223313633310103,0.27933757723722835,0.47846
29,2.0,Kaitlyn Bristowe,Rank + Save,1.0,0,0.04639730739621276,0.28475071679834296,0.47846
29,2.0,Monica Aldama,Rank + Save,11.0,0,0.06358878624037065,0.3026016273924247,0.47846
29,2.0,Nelly,Rank + Save,6.0,0,0.05072796423563536,0.29206615540166103,0.47846
29,2.0,Nev Schulman,Rank + Save,2.0,0,0.04294975257660173,0.27847001169253505,0.47846
29,2.0,Skai Jackson,Rank + Save,13.0,0,0.06387995638242537,0.30251804374541974,0.47846
29,2.0,Veron Davis,Rank + Save,6.0,0,0.05073759843769234,0.29159255843535553,0.47846
29,3.0,AJ McLean,Rank + Save,6.0,0,0.04304756294863485,0.2794751179367641,0.51584
29,3.0,Anne Heche,Rank + Save,12.0,0,0.07182838391490813,0.31888199744257745,0.51584
29,3.0,Carole Baskin,Rank + Save,13.0,1,0.022573124993556966,0.08972444103571295,0.51584
29,3.0,Chrishell Stause,Rank + Save,4.0,0,0.04710168113443938,0.2895381891370859,0.51584
29,3.0,Jesse Metcalfe,Rank + Save,8.0,0,0.051266721147162006,0.29283971204803577,0.51584
29,3.0,Johnny Weir,Rank + Save,1.0,0,0.05445521846628249,0.3014544432905553,0.51584
29,3.0,Justina Machado,Rank + Save,9.0,0,0.06715854593043023,0.31672005498292327,0.51584
29,3.0,Kaitlyn Bristowe,Rank + Save,3.0,0,0.04971375457437856,0.2937809836579559,0.51584
29,3.0,Monica Aldama,Rank + Save,6.0,0,0.043900695525961125,0.2816711124253339,0.51584
29,3.0,Nelly,Rank + Save,10.0,0,0.06862501115020221,0.3172877351988825,0.51584
29,3.0,Nev Schulman,Rank + Save,1.0,0,0.05326854326420104,0.303248173010796,0.51584
29,3.0,Skai Jackson,Rank + Save,10.0,0,0.06741255313513303,0.3166042396440533,0.51584
29,3.0,Veron Davis,Rank + Save,4.0,0,0.04613174427906857,0.287144738689599,0.51584
29,4.0,AJ McLean,Rank + Save,3.0,0,0.04802139653316699,0.2951591744648827,0.4352
29,4.0,Anne Heche,Rank + Save,10.0,1,0.023930343485981147,0.08781780399351588,0.4352
29,4.0,Chrishell Stause,Rank + Save,8.0,0,0.08087331751837515,0.33926846623171786,0.4352
29,4.0,Jesse Metcalfe,Rank + Save,10.0,0,0.08642507053056404,0.3340359321061615,0.4352
29,4.0,Johnny Weir,Rank + Save,3.0,0,0.04847177257927236,0.2971994647518013,0.4352
29,4.0,Justina Machado,Rank + Save,3.0,0,0.049199477503334185,0.2949111342429574,0.4352
29,4.0,Kaitlyn Bristowe,Rank + Save,2.0,0,0.05143538093385973,0.29695457140470305,0.4352
29,4.0,Monica Aldama,Rank + Save,3.0,0,0.04991158026250493,0.2895036281799353,0.4352
29,4.0,Nelly,Rank + Save,10.0,0,0.08653161422329299,0.3356054770841868,0.4352
29,4.0,Nev Schulman,Rank + Save,3.0,0,0.04972212467220422,0.29301281184427336,0.4352
29,4.0,Skai Jackson,Rank + Save,1.0,0,0.060920804494092484,0.3157279274414868,0.4352
29,4.0,Veron Davis,Rank + Save,8.0,0,0.08058523843665259,0.3317376210286569,0.4352
29,5.0,AJ McLean,Rank + Save,5.0,0,0.06567062035388463,0.3166440813122036,0.52364
29,5.0,Chrishell Stause,Rank + Save,10.0,0,0.09544805242101999,0.3512964868752513,0.52364
29,5.0,Jesse Metcalfe,Rank + Save,10.0,1,0.03494262246851143,0.10977980084623395,0.52364
29,5.0,Johnny Weir,Rank + Save,1.0,0,0.07301653213618606,0.33058431612310823,0.52364
29,5.0,Justina Machado,Rank + Save,5.0,0,0.06490509811047773,0.31500924221082394,0.52364
29,5.0,Kaitlyn Bristowe,Rank + Save,2.0,0,0.06508189120331656,0.3173702977158429,0.52364
29,5.0,Monica Aldama,Rank + Save,3.0,0,0.061101407016385605,0.3136248699434034,0.52364
29,5.0,Nelly,Rank + Save,5.0,0,0.06571599251534507,0.316996337329715,0.52364
29,5.0,Nev Schulman,Rank + Save,3.0,0,0.061728769483624865,0.30906770581573967,0.52364
29,5.0,Skai Jackson,Rank + Save,5.0,0,0.06504981642539123,0.3129853205963956,0.52364
29,5.0,Veron Davis,Rank + Save,9.0,0,0.09261122366951685,0.3468517820182415,0.52364
29,6.0,AJ McLean,Rank + Save,1.0,0,0.06785759411413989,0.3268234325444387,0.53692
29,6.0,Chrishell Stause,Rank + Save,6.0,0,0.09124540440227476,0.34794213627666126,0.53692
29,6.0,Johnny Weir,Rank + Save,8.0,0,0.10311757213575952,0.36349265503240363,0.53692
29,6.0,Justina Machado,Rank + Save,1.0,0,0.06647716617327684,0.3213539979214168,0.53692
29,6.0,Kaitlyn Bristowe,Rank + Save,1.0,0,0.06800816852616895,0.3214017653921544,0.53692
29,6.0,Monica Aldama,Rank + Save,1.0,0,0.06764614748872261,0.3220661870116824,0.53692
29,6.0,Nelly,Rank + Save,6.0,0,0.09210057806284633,0.3495668529659619,0.53692
29,6.0,Nev Schulman,Rank + Save,5.0,0,0.06888352037958165,0.31999907494229995,0.53692
29,6.0,Skai Jackson,Rank + Save,10.0,0,0.10511522822084526,0.36626239332197397,0.53692
29,6.0,Veron Davis,Rank + Save,9.0,1,0.04127347884710089,0.13556418670923198,0.53692
29,7.0,AJ McLean,Rank + Save,5.0,0,0.10364680895773606,0.3732595626259234,0.64242
29,7.0,Chrishell Stause,Rank + Save,5.0,0,0.10365376556506294,0.37157914200451325,0.64242
29,7.0,Johnny Weir,Rank + Save,2.0,0,0.07136635023408297,0.3343377538491499,0.64242
29,7.0,Justina Machado,Rank + Save,5.0,0,0.10287410749124355,0.3711234751867889,0.64242
29,7.0,Kaitlyn Bristowe,Rank + Save,8.0,0,0.11868110059193335,0.3873115305033281,0.64242
29,7.0,Monica Aldama,Rank + Save,9.0,1,0.060308790544862205,0.18751488052059279,0.64242
29,7.0,Nelly,Rank + Save,2.0,0,0.0711823885707748,0.3357902552854068,0.64242
29,7.0,Nev Schulman,Rank + Save,1.0,0,0.08391832258267676,0.35171308352871117,0.64242
29,7.0,Skai Jackson,Rank + Save,2.0,0,0.07199087967312466,0.33500109117359583,0.64242
29,8.0,AJ McLean,Rank + Save,5.0,0,0.12839994350369655,0.38581938354123174,0.20388
29,8.0,Chrishell Stause,Rank + Save,5.0,1,0.03317505262352945,0.09408827406200078,0.20388
29,8.0,Johnny Weir,Rank + Save,1.0,0,0.08919992256066675,0.3470458964532535,0.20388
29,8.0,Justina Machado,Rank + Save,3.0,0,0.09422954095752159,0.3439386945576501,0.20388
29,8.0,Kaitlyn Bristowe,Rank + Save,4.0,0,0.10679750314930468,0.34792669694528944,0.20388
29,8.0,Nelly,Rank + Save,8.0,0,0.15315227923553112,0.4246042734297932,0.20388
29,8.0,Nev Schulman,Rank + Save,1.0,0,0.09156146750328473,0.3479608787685169,0.20388
29,8.0,Skai Jackson,Rank + Save,7.0,0,0.15458285855765602,0.40274217314267974,0.20388
29,9.0,AJ McLean,Rank + Save,6.0,1,0.07731653078400814,0.18114788000246537,0.5173
29,9.0,Johnny Weir,Rank + Save,1.0,0,0.11320939805977087,0.3907816017218897,0.5173
29,9.0,Justina Machado,Rank + Save,5.0,0,0.15643614265876793,0.4224372674687101,0.5173
29,9.0,Kaitlyn Bristowe,Rank + Save,1.0,0,0.11359536247329059,0.38562307793362194,0.5173
29,9.0,Nelly,Rank + Save,7.0,0,0.16973782543985294,0.43386920528262923,0.5173
29,9.0,Nev Schulman,Rank + Save,3.0,0,0.1208245477767061,0.38181633250744285,0.5173
29,9.0,Skai Jackson,Rank + Save,3.0,0,0.12186676773140456,0.3846504314065325,0.5173
29,10.0,Johnny Weir,Rank + Save,4.0,1,0.07672581732460079,0.15932776775476762,0.34862
29,10.0,Justina Machado,Rank + Save,3.0,0,0.18169705777951853,0.4237053331711167,0.34862
29,10.0,Kaitlyn Bristowe,Rank + Save,1.0,0,0.1332977306068411,0.3955725755037093,0.34862
29,10.0,Nelly,Rank + Save,6.0,0,0.1935439382632224,0.45999476747644147,0.34862
29,10.0,Nev Schulman,Rank + Save,1.0,0,0.13274849787713192,0.39999417989286795,0.34862
29,10.0,Skai Jackson,Rank + Save,4.0,1,0.19533938375350568,0.4378169532668137,0.34862
29,11.0,Justina Machado,Rank + Save,1.0,0,0.25316455696202533,0.0,1.0
29,11.0,Kaitlyn Bristowe,Rank + Save,1.0,0,0.25316455696202533,0.0,1.0
29,11.0,Nelly,Rank + Save,4.0,0,0.24050632911392406,0.0,1.0
29,11.0,Nev Schulman,Rank + Save,1.0,0,0.25316455696202533,0.0,1.0
30,1.0,Amanda Kloots,Rank + Save,2.0,0,0.07650273224043716,0.0,1.0
30,1.0,Brian Austin Green,Rank + Save,9.0,0,0.06557377049180328,0.0,1.0
30,1.0,Christine Chiu,Rank + Save,7.0,0,0.06830601092896176,0.0,1.0
30,1.0,Cody Rigsby,Rank + Save,9.0,0,0.06557377049180328,0.0,1.0
30,1.0,Iman Shumpert,Rank + Save,14.0,0,0.05737704918032787,0.0,1.0
30,1.0,Jimmie Allen,Rank + Save,13.0,0,0.060109289617486336,0.0,1.0
30,1.0,JoJo Siwa,Rank + Save,1.0,0,0.07923497267759563,0.0,1.0
30,1.0,Kenya Moore,Rank + Save,5.0,0,0.07103825136612021,0.0,1.0
30,1.0,Martin Kove,Rank + Save,15.0,0,0.03551912568306011,0.0,1.0
30,1.0,Matt James,Rank + Save,9.0,0,0.06557377049180328,0.0,1.0
30,1.0,Melanie C,Rank + Save,4.0,0,0.07377049180327869,0.0,1.0
30,1.0,Melora Hardin,Rank + Save,5.0,0,0.07103825136612021,0.0,1.0
30,1.0,"Mike ""The Miz"" Mizanin",Rank + Save,9.0,0,0.06557377049180328,0.0,1.0
30,1.0,Olivia Jade,Rank + Save,7.0,0,0.06830601092896176,0.0,1.0
30,1.0,Suni Lee,Rank + Save,2.0,0,0.07650273224043716,0.0,1.0
30,2.0,Amanda Kloots,Rank + Save,1.0,0,0.0449110627620733,0.2806489190353853,0.50016
30,2.0,Brian Austin Green,Rank + Save,13.0,0,0.05760480844587048,0.2947631583490082,0.50016
30,2.0,Christine Chiu,Rank + Save,10.0,0,0.05208780378601957,0.2928441462594569,0.50016
30,2.0,Cody Rigsby,Rank + Save,10.0,0,0.052176108718420156,0.29036884175968447,0.50016
30,2.0,Iman Shumpert,Rank + Save,9.0,0,0.05045508286493204,0.2860114271258208,0.50016
30,2.0,Jimmie Allen,Rank + Save,5.0,0,0.032394968894019036,0.2585924506802911,0.50016
30,2.0,JoJo Siwa,Rank + Save,2.0,0,0.04202736313924432,0.2842287314288207,0.50016
30,2.0,Kenya Moore,Rank + Save,10.0,0,0.052147255550960794,0.29358303537107266,0.50016
30,2.0,Martin Kove,Rank + Save,15.0,1,0.015555557968367046,0.07256011565385519,0.50016
30,2.0,Matt James,Rank + Save,14.0,0,0.05646134242762189,0.2904609796324621,0.50016
30,2.0,Melanie C,Rank + Save,3.0,0,0.04040212232672681,0.271739970397156,0.50016
30,2.0,Melora Hardin,Rank + Save,5.0,0,0.033184250329371445,0.2625787303067427,0.50016
30,2.0,"Mike ""The Miz"" Mizanin",Rank + Save,8.0,0,0.03369090699546605,0.26047966543138723,0.50016
30,2.0,Olivia Jade,Rank + Save,5.0,0,0.03361764581566608,0.25986029498101265,0.50016
30,2.0,Suni Lee,Rank + Save,4.0,0,0.036438895325307134,0.2633072201722103,0.50016
30,3.0,Amanda Kloots,Rank + Save,1.0,0,0.032113932218746324,0.25631312442140824,0.05398
30,3.0,Brian Austin Green,Rank + Save,12.0,0,0.0780520893866759,0.31329131511483255,0.05398
30,3.0,Christine Chiu,Rank + Save,7.0,1,0.003036680882703571,0.020866241718129726,0.05398
30,3.0,Cody Rigsby,Rank + Save,14.0,0,0.09270391147679886,0.32239562653672377,0.05398
30,3.0,Iman Shumpert,Rank + Save,12.0,0,0.08464486519697247,0.3269870698241385,0.05398
30,3.0,Jimmie Allen,Rank + Save,10.0,0,0.06727357839087503,0.30768110923269526,0.05398
30,3.0,JoJo Siwa,Rank + Save,1.0,0,0.03391285992423249,0.2510237445729121,0.05398
30,3.0,Kenya Moore,Rank + Save,7.0,0,0.0476528033408114,0.28823057026826066,0.05398
30,3.0,Matt James,Rank + Save,10.0,0,0.06819347060065123,0.3031476025006353,0.05398
30,3.0,Melanie C,Rank + Save,5.0,0,0.031118941312295385,0.24887514938589606,0.05398
30,3.0,Melora Hardin,Rank + Save,4.0,0,0.03266769276045726,0.2668544107240737,0.05398
30,3.0,"Mike ""The Miz"" Mizanin",Rank + Save,5.0,0,0.03329224720265848,0.23789326674271413,0.05398
30,3.0,Olivia Jade,Rank + Save,1.0,0,0.03214635162413151,0.2687271674819177,0.05398
30,3.0,Suni Lee,Rank + Save,7.0,0,0.0456576884280701,0.27858203745043875,0.05398
30,4.0,Amanda Kloots,Rank + Save,4.0,0,0.045656013020963275,0.28270472432758986,0.46972
30,4.0,Brian Austin Green,Rank + Save,13.0,1,0.021790495895897544,0.08648444373658204,0.46972
30,4.0,Cody Rigsby,Rank + Save,11.0,0,0.07532067354464958,0.32469951843074474,0.46972
30,4.0,Iman Shumpert,Rank + Save,9.0,0,0.0675126762614431,0.3152908372672048,0.46972
30,4.0,Jimmie Allen,Rank + Save,7.0,0,0.045365947795381736,0.27919318248728997,0.46972
30,4.0,JoJo Siwa,Rank + Save,2.0,0,0.04683687908549093,0.28403453544245866,0.46972
30,4.0,Kenya Moore,Rank + Save,10.0,0,0.07352450551780766,0.3170719032837359,0.46972
30,4.0,Matt James,Rank + Save,12.0,1,0.07612932353775664,0.32444296346162055,0.46972
30,4.0,Melanie C,Rank + Save,6.0,0,0.0433053071026435,0.2805144882613468,0.46972
30,4.0,Melora Hardin,Rank + Save,1.0,0,0.0519250187924389,0.29865349665897933,0.46972
30,4.0,"Mike ""The Miz"" Mizanin",Rank + Save,7.0,0,0.04470620053819762,0.28530872617720776,0.46972
30,4.0,Olivia Jade,Rank + Save,2.0,0,0.04798365325775074,0.29175886627786907,0.46972
30,4.0,Suni Lee,Rank + Save,4.0,0,0.04546046508946004,0.2862138507685365,0.46972
30,5.0,Amanda Kloots,Rank + Save,2.0,0,0.048183725953968984,0.27802276994253405,0.0353
30,5.0,Cody Rigsby,Rank + Save,9.0,0,0.12386431607771492,0.3406710401852553,0.0353
30,5.0,Iman Shumpert,Rank + Save,11.0,0,0.13174746347115937,0.381531213983785,0.0353
30,5.0,Jimmie Allen,Rank + Save,8.0,0,0.1019641139327046,0.352569573255833,0.0353
30,5.0,JoJo Siwa,Rank + Save,1.0,0,0.04947218751281473,0.2656547806061883,0.0353
30,5.0,Kenya Moore,Rank + Save,3.0,0,0.05101726561637453,0.26892139828504585,0.0353
30,5.0,Melanie C,Rank + Save,3.0,1,0.004644158172921793,0.028760426467815736,0.0353
30,5.0,Melora Hardin,Rank + Save,3.0,0,0.049051541596579804,0.27266150587615373,0.0353
30,5.0,"Mike ""The Miz"" Mizanin",Rank + Save,9.0,0,0.13453589464910284,0.3406498616993146,0.0353
30,5.0,Olivia Jade,Rank + Save,3.0,0,0.0485984500871933,0.27679479616177943,0.0353
30,5.0,Suni Lee,Rank + Save,3.0,0,0.04926648435493124,0.2736749864602192,0.0353
30,6.0,Amanda Kloots,Rank + Save,3.0,0,0.06066875571119873,0.319665010657471,0.61864
30,6.0,Cody Rigsby,Rank + Save,5.0,0,0.08654875618125116,0.3499175728185552,0.61864
30,6.0,Iman Shumpert,Rank + Save,1.0,0,0.06642667763845177,0.32012612407472574,0.61864
30,6.0,Jimmie Allen,Rank + Save,3.0,0,0.06006508976023158,0.3145177998615762,0.61864
30,6.0,JoJo Siwa,Rank + Save,1.0,0,0.06402110697935597,0.3209782682983954,0.61864
30,6.0,Kenya Moore,Rank + Save,10.0,1,0.04698752735606117,0.15555847403922524,0.61864
30,6.0,Melora Hardin,Rank + Save,8.0,0,0.09985049794344827,0.36120553663372545,0.61864
30,6.0,"Mike ""The Miz"" Mizanin",Rank + Save,8.0,0,0.0993547819289476,0.3628860588054792,0.61864
30,6.0,Olivia Jade,Rank + Save,5.0,0,0.09024996974241536,0.3493701092404966,0.61864
30,6.0,Suni Lee,Rank + Save,5.0,0,0.08942070071596092,0.35188916832793615,0.61864
30,7.0,Amanda Kloots,Rank + Save,6.0,0,0.11078317059279168,0.3789924812282002,0.6607
30,7.0,Cody Rigsby,Rank + Save,5.0,0,0.10170957701237021,0.37362183299451407,0.6607
30,7.0,Iman Shumpert,Rank + Save,6.0,0,0.1089117976729911,0.37537323458308386,0.6607
30,7.0,Jimmie Allen,Rank + Save,3.0,0,0.07264349582123512,0.3391061297292658,0.6607
30,7.0,JoJo Siwa,Rank + Save,2.0,0,0.07329526702238456,0.3379468425818014,0.6607
30,7.0,Melora Hardin,Rank + Save,3.0,0,0.07292116896094548,0.33705846554900887,0.6607
30,7.0,"Mike ""The Miz"" Mizanin",Rank + Save,9.0,1,0.060044047666008536,0.1770310027279585,0.6607
30,7.0,Olivia Jade,Rank + Save,1.0,0,0.08310668707003842,0.35005853405617937,0.6607
30,7.0,Suni Lee,Rank + Save,6.0,0,0.10474302703839763,0.37662098122748094,0.6607
30,8.0,Amanda Kloots,Rank + Save,1.0,0,0.08915312604966127,0.3645689429598929,0.62508
30,8.0,Cody Rigsby,Rank + Save,5.0,0,0.12301774919783409,0.39083112170822953,0.62508
30,8.0,Iman Shumpert,Rank + Save,7.0,0,0.13459460316327812,0.4037011094967756,0.62508
30,8.0,Jimmie Allen,Rank + Save,8.0,1,0.07026884658170313,0.19904867193396156,0.62508
30,8.0,JoJo Siwa,Rank + Save,4.0,0,0.0968183790839823,0.3593368536997994,0.62508
30,8.0,Melora Hardin,Rank + Save,1.0,0,0.08901117525469252,0.35852703159846083,0.62508
30,8.0,Olivia Jade,Rank + Save,6.0,1,0.1322046779079688,0.4014615547907272,0.62508
30,8.0,Suni Lee,Rank + Save,1.0,0,0.0884140454824769,0.3550699438591223,0.62508
30,9.0,Amanda Kloots,Rank + Save,2.0,0,0.12385088477756642,0.4045482117286197,0.6322
30,9.0,Cody Rigsby,Rank + Save,6.0,0,0.18676961469641498,0.4570436516155411,0.6322
30,9.0,Iman Shumpert,Rank + Save,3.0,0,0.1695878807444149,0.44035512140735367,0.6322
30,9.0,JoJo Siwa,Rank + Save,1.0,0,0.12251614735361632,0.4021848862676332,0.6322
30,9.0,Melora Hardin,Rank + Save,5.0,1,0.10824688791227836,0.24276119181906786,0.6322
30,9.0,Suni Lee,Rank + Save,3.0,1,0.1800824148714738,0.4481016104186576,0.6322
30,10.0,Amanda Kloots,Rank + Save,3.0,0,0.2484076433121019,0.0,1.0
30,10.0,Cody Rigsby,Rank + Save,4.0,0,0.24203821656050956,0.0,1.0
30,10.0,Iman Shumpert,Rank + Save,1.0,0,0.25477707006369427,0.0,1.0
30,10.0,JoJo Siwa,Rank + Save,1.0,0,0.25477707006369427,0.0,1.0
31,1.0,Charli D'Amelio,Rank + Save,1.0,0,0.049727588086015385,0.2852053621408561,0.43116
31,1.0,Cheryl Ladd,Rank + Save,9.0,0,0.04778404322585786,0.27956823281009285,0.43116
31,1.0,Daniel Durant,Rank + Save,5.0,0,0.03628887766096835,0.26317108636119035,0.43116
31,1.0,Gabby Windey,Rank + Save,3.0,0,0.03821941090692835,0.2664058212916468,0.43116
31,1.0,Heidi D'Amelio,Rank + Save,7.0,0,0.030749999274482548,0.2542922575523122,0.43116
31,1.0,Jason Lewis,Rank + Save,14.0,1,0.011639813663626215,0.05585861137636595,0.43116
31,1.0,Jessie James Decker,Rank + Save,11.0,0,0.04990505215510341,0.28630573759639794,0.43116
31,1.0,Jordin Sparks,Rank + Save,6.0,0,0.03549381660454215,0.2654497875213671,0.43116
31,1.0,Joseph Baena,Rank + Save,8.0,0,0.04727698717206652,0.2821400568456154,0.43116
31,1.0,Sam Champion,Rank + Save,11.0,0,0.05168685772297363,0.284698510450791,0.43116
31,1.0,Shangela,Rank + Save,3.0,0,0.03883524076572899,0.26827467983358344,0.43116
31,1.0,Teresa Giudice,Rank + Save,11.0,0,0.052774218520218776,0.2907668355431234,0.43116
31,1.0,Trevor Donovan,Rank + Save,9.0,0,0.04851631544087538,0.28100419230975593,0.43116
31,1.0,Vinny Guadagnino,Rank + Save,15.0,0,0.057981667297449156,0.29581088611867695,0.43116
31,1.0,Wayne Brady,Rank + Save,2.0,0,0.041968212660907354,0.27331593244748886,0.43116
31,2.0,Charli D'Amelio,Rank + Save,1.0,0,0.04532869142082479,0.28230178963057956,0.43344
31,2.0,Cheryl Ladd,Rank + Save,14.0,0,0.06699558278312084,0.3084007368186185,0.43344
31,2.0,Daniel Durant,Rank + Save,5.0,0,0.03775649941342686,0.26896598856828385,0.43344
31,2.0,Gabby Windey,Rank + Save,1.0,0,0.045304532019315835,0.27815588136618036,0.43344
31,2.0,Heidi D'Amelio,Rank + Save,6.0,0,0.0363155231759401,0.2697668852393887,0.43344
31,2.0,Jessie James Decker,Rank + Save,11.0,0,0.061767044536725525,0.3045379508590255,0.43344
31,2.0,Jordin Sparks,Rank + Save,8.0,0,0.0535656301076341,0.2969934316285661,0.43344
31,2.0,Joseph Baena,Rank + Save,12.0,0,0.06364328841594522,0.30114585989562437,0.43344
31,2.0,Sam Champion,Rank + Save,10.0,0,0.05983332573172316,0.303292326933892,0.43344
31,2.0,Shangela,Rank + Save,6.0,0,0.0371266760045102,0.2681693646684462,0.43344
31,2.0,Teresa Giudice,Rank + Save,13.0,1,0.015126916827039451,0.06810376153102952,0.43344
31,2.0,Trevor Donovan,Rank + Save,4.0,0,0.039261191176793234,0.27470425117743524,0.43344
31,2.0,Vinny Guadagnino,Rank + Save,8.0,0,0.05609504012231998,0.29715565800022486,0.43344
31,2.0,Wayne Brady,Rank + Save,1.0,0,0.044696489801913014,0.2860759213850377,0.43344
31,3.0,Charli D'Amelio,Rank + Save,1.0,0,0.05085439097390873,0.28508927104188214,0.40728
31,3.0,Cheryl Ladd,Rank + Save,12.0,1,0.018011718261206556,0.0716540335757411,0.40728
31,3.0,Daniel Durant,Rank + Save,5.0,0,0.04588207958534976,0.2835015635367955,0.40728
31,3.0,Gabby Windey,Rank + Save,1.0,0,0.04970577031219118,0.29027452066646775,0.40728
31,3.0,Heidi D'Amelio,Rank + Save,4.0,0,0.04788490797187268,0.29059587737764564,0.40728
31,3.0,Jessie James Decker,Rank + Save,10.0,0,0.06762551739129882,0.31478633657337196,0.40728
31,3.0,Jordin Sparks,Rank + Save,7.0,0,0.048404909329691825,0.28266668485035656,0.40728
31,3.0,Joseph Baena,Rank + Save,7.0,0,0.04782187128673487,0.28934631440214614,0.40728
31,3.0,Sam Champion,Rank + Save,11.0,0,0.07561316088208715,0.32076117357760847,0.40728
31,3.0,Shangela,Rank + Save,6.0,0,0.04404540139769276,0.2829497070834831,0.40728
31,3.0,Trevor Donovan,Rank + Save,9.0,0,0.06874999259588892,0.3151604110990686,0.40728
31,3.0,Vinny Guadagnino,Rank + Save,13.0,0,0.07679507987223966,0.32833305098638693,0.40728
31,3.0,Wayne Brady,Rank + Save,1.0,0,0.050971366958668926,0.2945419495220114,0.40728
31,4.0,Charli D'Amelio,Rank + Save,1.0,0,0.05384552247455964,0.30226693112129743,0.53518
31,4.0,Daniel Durant,Rank + Save,8.0,0,0.071513137905697,0.32514162018026177,0.53518
31,4.0,Gabby Windey,Rank + Save,1.0,0,0.05457873597544896,0.30503125770821105,0.53518
31,4.0,Heidi D'Amelio,Rank + Save,4.0,0,0.05041372572730884,0.2942158191584253,0.53518
31,4.0,Jessie James Decker,Rank + Save,7.0,0,0.06976871866504639,0.32143979379053583,0.53518
31,4.0,Jordin Sparks,Rank + Save,4.0,0,0.05082375699763861,0.2916349464132619,0.53518
31,4.0,Joseph Baena,Rank + Save,10.0,0,0.07821846087694143,0.3280726732919926,0.53518
31,4.0,Sam Champion,Rank + Save,12.0,1,0.02801111084112665,0.10259426429166892,0.53518
31,4.0,Shangela,Rank + Save,6.0,0,0.04863325517843364,0.2919669867926524,0.53518
31,4.0,Trevor Donovan,Rank + Save,10.0,0,0.07840978006252775,0.3314839003497383,0.53518
31,4.0,Vinny Guadagnino,Rank + Save,8.0,0,0.07456891310894644,0.3255494752139264,0.53518
31,4.0,Wayne Brady,Rank + Save,1.0,0,0.0543823522560597,0.3035906642588697,0.53518
31,5.0,Charli D'Amelio,Rank + Save,1.0,0,0.06218815326112344,0.3095277763088804,0.36738
31,5.0,Daniel Durant,Rank + Save,10.0,0,0.09212659150591283,0.340883647928377,0.36738
31,5.0,Gabby Windey,Rank + Save,2.0,0,0.05874538614038537,0.3127718303956786,0.36738
31,5.0,Heidi D'Amelio,Rank + Save,4.0,0,0.055446794279439215,0.30034033207652644,0.36738
31,5.0,Jessie James Decker,Rank + Save,6.0,0,0.08065636318922174,0.33635414571903294,0.36738
31,5.0,Jordin Sparks,Rank + Save,8.0,0,0.08877700299054726,0.3413229132514763,0.36738
31,5.0,Joseph Baena,Rank + Save,9.0,1,0.02308002508969837,0.08412941847833029,0.36738
31,5.0,Shangela,Rank + Save,5.0,0,0.05523286162576281,0.29937716149980054,0.36738
31,5.0,Trevor Donovan,Rank + Save,6.0,0,0.08094482065293994,0.3330351954521247,0.36738
31,5.0,Vinny Guadagnino,Rank + Save,11.0,0,0.09779244687855314,0.35360139355489373,0.36738
31,5.0,Wayne Brady,Rank + Save,2.0,0,0.05906591612249707,0.30644724912522064,0.36738
31,6.0,Charli D'Amelio,Rank + Save,1.0,0,0.07301012763180961,0.3319171595880632,0.56258
31,6.0,Daniel Durant,Rank + Save,5.0,0,0.0895882725851359,0.357049588152607,0.56258
31,6.0,Gabby Windey,Rank + Save,2.0,0,0.06322504012105673,0.32260569803816785,0.56258
31,6.0,Heidi D'Amelio,Rank + Save,3.0,0,0.06275593949659737,0.31423361348260787,0.56258
31,6.0,Jessie James Decker,Rank + Save,9.0,1,0.042466469678358876,0.1297908736611566,0.56258
31,6.0,Jordin Sparks,Rank + Save,5.0,0,0.09022201748053195,0.3486833053973575,0.56258
31,6.0,Shangela,Rank + Save,3.0,0,0.0650347980703291,0.3188580895827593,0.56258
31,6.0,Trevor Donovan,Rank + Save,5.0,0,0.09354921964277042,0.35468678812780335,0.56258
31,6.0,Vinny Guadagnino,Rank + Save,10.0,0,0.09728410612290915,0.36130783544597767,0.56258
31,6.0,Wayne Brady,Rank + Save,5.0,0,0.0939138804052999,0.35060041592255536,0.56258
31,7.0,Charli D'Amelio,Rank + Save,1.0,0,0.07888912233369734,0.33643338336389456,0.4562
31,7.0,Daniel Durant,Rank + Save,4.0,0,0.08097104596539717,0.33899770804175455,0.4562
31,7.0,Gabby Windey,Rank + Save,6.0,0,0.11758766958026308,0.3752207933213249,0.4562
31,7.0,Heidi D'Amelio,Rank + Save,7.0,0,0.12292608223251593,0.38203841199862953,0.4562
31,7.0,Jordin Sparks,Rank + Save,8.0,1,0.045949175031758646,0.12935868129167602,0.4562
31,7.0,Shangela,Rank + Save,4.0,0,0.07650613323720495,0.3357386065218449,0.4562
31,7.0,Trevor Donovan,Rank + Save,1.0,0,0.07986208004454627,0.351096015490655,0.4562
31,7.0,Vinny Guadagnino,Rank + Save,9.0,0,0.12603655920821194,0.3859574244054915,0.4562
31,7.0,Wayne Brady,Rank + Save,3.0,0,0.07795978353473242,0.33885017553404584,0.4562
31,8.0,Charli D'Amelio,Rank + Save,1.0,0,0.10261252031907131,0.37355749421543827,0.48534
31,8.0,Daniel Durant,Rank + Save,5.0,0,0.12179896197771715,0.38167715147878434,0.48534
31,8.0,Gabby Windey,Rank + Save,4.0,0,0.09423809454544364,0.35182851317483377,0.48534
31,8.0,Heidi D'Amelio,Rank + Save,7.0,1,0.05658928076273366,0.14628416111532205,0.48534
31,8.0,Shangela,Rank + Save,3.0,0,0.09924017995799025,0.36137616034701475,0.48534
31,8.0,Trevor Donovan,Rank + Save,5.0,0,0.1284237725469413,0.3911704551775513,0.48534
31,8.0,Vinny Guadagnino,Rank + Save,8.0,1,0.1398596612241678,0.40878203543829,0.48534
31,8.0,Wayne Brady,Rank + Save,1.0,0,0.10084046871510437,0.3705954564442259,0.48534
31,9.0,Charli D'Amelio,Rank + Save,1.0,0,0.1319895116064536,0.4086130404170479,0.519
31,9.0,Daniel Durant,Rank + Save,5.0,1,0.09474671505713923,0.1992571865160875,0.519
31,9.0,Gabby Windey,Rank + Save,1.0,0,0.1339762554623366,0.406032030158354,0.519
31,9.0,Shangela,Rank + Save,3.0,0,0.17934266152101974,0.437690144886357,0.519
31,9.0,Trevor Donovan,Rank + Save,6.0,1,0.18628798850763598,0.4611750313526603,0.519
31,9.0,Wayne Brady,Rank + Save,3.0,0,0.17939150112686217,0.4325790705479786,0.519
31,10.0,Charli D'Amelio,Rank + Save,1.0,0,0.2564102564102564,0.0,1.0
31,10.0,Gabby Windey,Rank + Save,1.0,0,0.2564102564102564,0.0,1.0
31,10.0,Shangela,Rank + Save,3.0,0,0.24358974358974358,0.0,1.0
31,10.0,Wayne Brady,Rank + Save,3.0,0,0.24358974358974358,0.0,1.0
32,1.0,Adrian Peterson,Rank + Save,5.0,0,0.038872075426555415,0.269677250145246,0.38898
32,1.0,Alyson Hannigan,Rank + Save,11.0,0,0.06096009554391075,0.30733873692731567,0.38898
32,1.0,Ariana Madix,Rank + Save,2.0,0,0.049480669642991075,0.288293690429133,0.38898
32,1.0,Barry Williams,Rank + Save,8.0,0,0.052923342304556455,0.29621219997619486,0.38898
32,1.0,Charity Lawson,Rank + Save,1.0,0,0.052776067865963866,0.29056512706356297,0.38898
32,1.0,Harry Jowsey,Rank + Save,12.0,0,0.06189630709639734,0.30070542071832274,0.38898
32,1.0,Jamie Lynn Spears,Rank + Save,9.0,0,0.05499213178027136,0.29170951438135645,0.38898
32,1.0,Jason Mraz,Rank + Save,2.0,0,0.04909477135109145,0.2940785025840492,0.38898
32,1.0,Lele Pons,Rank + Save,4.0,0,0.04212856706770386,0.2758329242931136,0.38898
32,1.0,Matt Walsh,Rank + Save,12.0,1,0.01195812368262717,0.055702033750390394,0.38898
32,1.0,Mauricio Umansky,Rank + Save,9.0,0,0.05601484946809592,0.29406837826018756,0.38898
32,1.0,Mira Sorvino,Rank + Save,7.0,0,0.037021373477098184,0.2620883804650022,0.38898
32,1.0,Tyson Beckford,Rank + Save,12.0,0,0.06189018859754495,0.30169308016782864,0.38898
32,1.0,Xochitl Gomez,Rank + Save,5.0,0,0.038516885796972614,0.27007134411298483,0.38898
32,2.0,Adrian Peterson,Rank + Save,10.0,0,0.06656664065526255,0.3164652392755026,0.22992
32,2.0,Alyson Hannigan,Rank + Save,6.0,0,0.04110486441375494,0.2676646566221123,0.22992
32,2.0,Ariana Madix,Rank + Save,5.0,0,0.0427832486766985,0.27170408879513597,0.22992
32,2.0,Barry Williams,Rank + Save,10.0,0,0.06551267782496195,0.3096436045727482,0.22992
32,2.0,Charity Lawson,Rank + Save,3.0,0,0.0455478389579797,0.2821689174156018,0.22992
32,2.0,Harry Jowsey,Rank + Save,10.0,0,0.06672515267428057,0.31228476271421957,0.22992
32,2.0,Jamie Lynn Spears,Rank + Save,9.0,1,0.008763666002668995,0.04284538094451168,0.22992
32,2.0,Jason Mraz,Rank + Save,1.0,0,0.0541267690306387,0.30606371525084075,0.22992
32,2.0,Lele Pons,Rank + Save,3.0,0,0.045021248569224875,0.2796982748950543,0.22992
32,2.0,Mauricio Umansky,Rank + Save,13.0,0,0.08539686686104765,0.3243411004233355,0.22992
32,2.0,Mira Sorvino,Rank + Save,7.0,0,0.058952270679499416,0.3000193703067252,0.22992
32,2.0,Tyson Beckford,Rank + Save,7.0,0,0.05940983402330913,0.3067202433204859,0.22992
32,2.0,Xochitl Gomez,Rank + Save,1.0,0,0.054893717204806736,0.30528166527824796,0.22992
32,3.0,Adrian Peterson,Rank + Save,11.0,0,0.07277293956470474,0.3173494790507598,0.58058
32,3.0,Alyson Hannigan,Rank + Save,8.0,0,0.06715613842389367,0.3202242306833153,0.58058
32,3.0,Ariana Madix,Rank + Save,1.0,0,0.059371684042913174,0.30902466416649205,0.58058
32,3.0,Barry Williams,Rank + Save,7.0,0,0.06506658086101902,0.31501529812235074,0.58058
32,3.0,Charity Lawson,Rank + Save,3.0,0,0.05260351928494617,0.29980379657478845,0.58058
32,3.0,Harry Jowsey,Rank + Save,8.0,0,0.06663865539313991,0.3225866746659983,0.58058
32,3.0,Jason Mraz,Rank + Save,1.0,0,0.059205009668119764,0.31061262484380325,0.58058
32,3.0,Lele Pons,Rank + Save,5.0,0,0.04905416945539349,0.288867668269586,0.58058
32,3.0,Mauricio Umansky,Rank + Save,10.0,0,0.07202920763458417,0.31860370307449,0.58058
32,3.0,Mira Sorvino,Rank + Save,6.0,0,0.06248023402554539,0.31710351655146773,0.58058
32,3.0,Tyson Beckford,Rank + Save,12.0,1,0.028118212995143443,0.10825057548219282,0.58058
32,3.0,Xochitl Gomez,Rank + Save,3.0,0,0.053569404835288124,0.2994296686683206,0.58058
32,4.0,Adrian Peterson,Rank + Save,6.0,1,0.011015586624025022,0.047718640667395666,0.13882
32,4.0,Alyson Hannigan,Rank + Save,10.0,0,0.10407736400459879,0.35623857846441026,0.13882
32,4.0,Ariana Madix,Rank + Save,2.0,0,0.057420548251452506,0.3034354243032368,0.13882
32,4.0,Barry Williams,Rank + Save,10.0,0,0.1108086388153693,0.35329989368673154,0.13882
32,4.0,Charity Lawson,Rank + Save,3.0,0,0.053181937584575595,0.2966468561033798,0.13882
32,4.0,Harry Jowsey,Rank + Save,6.0,0,0.07576462369123839,0.3236318545841779,0.13882
32,4.0,Jason Mraz,Rank + Save,3.0,0,0.054319521326749415,0.2896198831608907,0.13882
32,4.0,Lele Pons,Rank + Save,5.0,0,0.06043376076513479,0.29047903524699026,0.13882
32,4.0,Mauricio Umansky,Rank + Save,9.0,0,0.08936838032009166,0.3311585368327193,0.13882
32,4.0,Mira Sorvino,Rank + Save,6.0,0,0.07665771331240007,0.33418168596900816,0.13882
32,4.0,Xochitl Gomez,Rank + Save,1.0,0,0.06241599888864285,0.31809499629678534,0.13882
32,5.0,Alyson Hannigan,Rank + Save,9.0,0,0.10594886569740936,0.3622983517335189,0.48868
32,5.0,Ariana Madix,Rank + Save,4.0,0,0.07781088269778848,0.32775228545722096,0.48868
32,5.0,Barry Williams,Rank + Save,4.0,0,0.07698484752482143,0.3365355820608803,0.48868
32,5.0,Charity Lawson,Rank + Save,1.0,0,0.07590842664020503,0.33347947188943716,0.48868
32,5.0,Harry Jowsey,Rank + Save,10.0,0,0.10563371630004106,0.36530306430593446,0.48868
32,5.0,Jason Mraz,Rank + Save,3.0,0,0.0726644207159824,0.3288686496186865,0.48868
32,5.0,Lele Pons,Rank + Save,4.0,0,0.07658183806985754,0.33196556635974156,0.48868
32,5.0,Mauricio Umansky,Rank + Save,4.0,0,0.07714102359596015,0.3309519063705536,0.48868
32,5.0,Mira Sorvino,Rank + Save,8.0,1,0.03725515932902075,0.11177823345583446,0.48868
32,5.0,Xochitl Gomez,Rank + Save,1.0,0,0.07518101951912654,0.33281295666493527,0.48868
32,6.0,Alyson Hannigan,Rank + Save,8.0,0,0.1261808684294567,0.37565508409303366,0.21396
32,6.0,Ariana Madix,Rank + Save,2.0,0,0.08236877976585308,0.3408184535940212,0.21396
32,6.0,Barry Williams,Rank + Save,7.0,0,0.11591765665702786,0.36998884251076425,0.21396
32,6.0,Charity Lawson,Rank + Save,4.0,0,0.0793894604024033,0.33115262077149565,0.21396
32,6.0,Harry Jowsey,Rank + Save,9.0,0,0.13546518979996136,0.3923872671402991,0.21396
32,6.0,Jason Mraz,Rank + Save,3.0,0,0.07941642150411918,0.33705094068447217,0.21396
32,6.0,Lele Pons,Rank + Save,5.0,0,0.08861260709421243,0.3293813109416135,0.21396
32,6.0,Mauricio Umansky,Rank + Save,6.0,1,0.02551206204263115,0.08022044694631764,0.21396
32,6.0,Xochitl Gomez,Rank + Save,1.0,0,0.08412913095986264,0.3440990810999281,0.21396
32,7.0,Alyson Hannigan,Rank + Save,6.0,0,0.14628974869739825,0.3913739195159938,0.1543
32,7.0,Ariana Madix,Rank + Save,1.0,0,0.0857879168908658,0.34035855529008235,0.1543
32,7.0,Barry Williams,Rank + Save,7.0,0,0.1619181474142044,0.4032977825374821,0.1543
32,7.0,Charity Lawson,Rank + Save,4.0,0,0.09160079179293633,0.3313313635314357,0.1543
32,7.0,Harry Jowsey,Rank + Save,8.0,0,0.16864205002652033,0.41800098129011126,0.1543
32,7.0,Jason Mraz,Rank + Save,4.0,0,0.09514761046939556,0.3298440299164781,0.1543
32,7.0,Lele Pons,Rank + Save,3.0,1,0.021112560940396898,0.07110407462629331,0.1543
32,7.0,Xochitl Gomez,Rank + Save,1.0,0,0.08609943891656843,0.3411343883008267,0.1543
32,8.0,Alyson Hannigan,Rank + Save,4.0,0,0.1441865689901342,0.3937011036968392,0.33512
32,8.0,Ariana Madix,Rank + Save,1.0,0,0.1180832269059326,0.38398894799338623,0.33512
32,8.0,Barry Williams,Rank + Save,5.0,1,0.05596052074167199,0.13383247912583593,0.33512
32,8.0,Charity Lawson,Rank + Save,3.0,0,0.10875316144779079,0.3699890592530864,0.33512
32,8.0,Harry Jowsey,Rank + Save,7.0,0,0.1710229042408553,0.4326456952381702,0.33512
32,8.0,Jason Mraz,Rank + Save,6.0,0,0.17195233755633194,0.42589629161370085,0.33512
32,8.0,Xochitl Gomez,Rank + Save,2.0,0,0.11475359534413536,0.3702106620298992,0.33512
32,9.0,Alyson Hannigan,Rank + Save,5.0,0,0.18857965904830626,0.45962487713082,0.72126
32,9.0,Ariana Madix,Rank + Save,4.0,0,0.14526752178786953,0.42691095004164503,0.72126
32,9.0,Charity Lawson,Rank + Save,3.0,0,0.13025256807480493,0.4120800589230203,0.72126
32,9.0,Harry Jowsey,Rank + Save,6.0,1,0.12542541840999996,0.2811729993480846,0.72126
32,9.0,Jason Mraz,Rank + Save,1.0,0,0.14559777288182715,0.43339259389090595,0.72126
32,9.0,Xochitl Gomez,Rank + Save,2.0,0,0.1433296564424717,0.425758197436196,0.72126
32,10.0,Alyson Hannigan,Rank + Save,5.0,0,0.17894736842105263,0.0,1.0
32,10.0,Ariana Madix,Rank + Save,3.0,0,0.20350877192982456,0.0,1.0
32,10.0,Charity Lawson,Rank + Save,2.0,0,0.20701754385964913,0.0,1.0
32,10.0,Jason Mraz,Rank + Save,4.0,0,0.2,0.0,1.0
32,10.0,Xochitl Gomez,Rank + Save,1.0,0,0.21052631578947367,0.0,1.0
32,11.0,Alyson Hannigan,Rank + Save,5.0,0,0.18213058419243985,0.0,1.0
32,11.0,Ariana Madix,Rank + Save,3.0,0,0.2027491408934708,0.0,1.0
32,11.0,Charity Lawson,Rank + Save,3.0,0,0.2027491408934708,0.0,1.0
32,11.0,Jason Mraz,Rank + Save,1.0,0,0.20618556701030927,0.0,1.0
32,11.0,Xochitl Gomez,Rank + Save,1.0,0,0.20618556701030927,0.0,1.0
33,1.0,Anna Delvey,Rank + Save,8.0,0,0.0728744939271255,0.0,1.0
33,1.0,Brooks Nader,Rank + Save,8.0,0,0.0728744939271255,0.0,1.0
33,1.0,Chandler Kinney,Rank + Save,1.0,0,0.0931174089068826,0.0,1.0
33,1.0,Danny Amendola,Rank + Save,5.0,0,0.08097165991902834,0.0,1.0
33,1.0,Dwight Howard ,Rank + Save,2.0,0,0.08906882591093117,0.0,1.0
33,1.0,Eric Roberts,Rank + Save,13.0,0,0.06072874493927125,0.0,1.0
33,1.0,Ilona Maher,Rank + Save,8.0,0,0.0728744939271255,0.0,1.0
33,1.0,Jenn Tran,Rank + Save,6.0,0,0.07692307692307693,0.0,1.0
33,1.0,Joey Graziadei,Rank + Save,3.0,0,0.08502024291497975,0.0,1.0
33,1.0,Phaedra Parks,Rank + Save,6.0,0,0.07692307692307693,0.0,1.0
33,1.0,Reginald VelJohnson,Rank + Save,12.0,0,0.06477732793522267,0.0,1.0
33,1.0,Stephen Nedoroscik,Rank + Save,3.0,0,0.08502024291497975,0.0,1.0
33,1.0,Tori Spelling,Rank + Save,11.0,0,0.06882591093117409,0.0,1.0
33,2.0,Anna Delvey,Rank + Save,11.0,1,0.016752391727396017,0.06725237336787084,0.37588
33,2.0,Brooks Nader,Rank + Save,8.0,0,0.05018743986978209,0.289268823361919,0.37588
33,2.0,Chandler Kinney,Rank + Save,1.0,0,0.054770418053194506,0.2989154802402899,0.37588
33,2.0,Danny Amendola,Rank + Save,5.0,0,0.04605950876300126,0.2795902307043893,0.37588
33,2.0,Dwight Howard ,Rank + Save,2.0,0,0.04838563759213481,0.2926119629645455,0.37588
33,2.0,Eric Roberts,Rank + Save,12.0,0,0.07541499006846943,0.3165830431393924,0.37588
33,2.0,Ilona Maher,Rank + Save,5.0,0,0.04455217191009085,0.27762034911156247,0.37588
33,2.0,Jenn Tran,Rank + Save,9.0,0,0.07084332486549437,0.3245564891665198,0.37588
33,2.0,Joey Graziadei,Rank + Save,2.0,0,0.04821188204890412,0.2836123714278506,0.37588
33,2.0,Phaedra Parks,Rank + Save,5.0,0,0.045902076845320175,0.28120805613269845,0.37588
33,2.0,Reginald VelJohnson,Rank + Save,12.0,0,0.07580054566321502,0.3233081966946178,0.37588
33,2.0,Stephen Nedoroscik,Rank + Save,2.0,0,0.04834161330648943,0.2861368318181004,0.37588
33,2.0,Tori Spelling,Rank + Save,9.0,1,0.07065127911424161,0.31337001070680065,0.37588
33,3.0,Brooks Nader,Rank + Save,5.0,0,0.056899992356259414,0.30667849343501424,0.43914
33,3.0,Chandler Kinney,Rank + Save,2.0,0,0.06800795862059804,0.3232416247081441,0.43914
33,3.0,Danny Amendola,Rank + Save,6.0,0,0.05916791087353572,0.3040996088546536,0.43914
33,3.0,Dwight Howard ,Rank + Save,9.0,0,0.0880437634336341,0.3414800522436429,0.43914
33,3.0,Eric Roberts,Rank + Save,10.0,1,0.027881594109034798,0.09816367656304907,0.43914
33,3.0,Ilona Maher,Rank + Save,7.0,0,0.0819655052245983,0.33476325225474896,0.43914
33,3.0,Jenn Tran,Rank + Save,3.0,0,0.058043279556305866,0.3060050967957203,0.43914
33,3.0,Joey Graziadei,Rank + Save,1.0,0,0.06908705590754431,0.3232188388039514,0.43914
33,3.0,Phaedra Parks,Rank + Save,7.0,0,0.08543682200468611,0.3401991432006603,0.43914
33,3.0,Reginald VelJohnson,Rank + Save,11.0,1,0.09875651100174121,0.3452345620553913,0.43914
33,3.0,Stephen Nedoroscik,Rank + Save,3.0,0,0.05727738661311946,0.30242267970167047,0.43914
33,4.0,Brooks Nader,Rank + Save,4.0,1,0.02115579712293461,0.07206874804137989,0.19352
33,4.0,Chandler Kinney,Rank + Save,4.0,0,0.10651622290300358,0.3634051652530299,0.19352
33,4.0,Danny Amendola,Rank + Save,1.0,0,0.07408599767773863,0.3267753704287486,0.19352
33,4.0,Dwight Howard ,Rank + Save,9.0,0,0.12729586848827906,0.38679423950190894,0.19352
33,4.0,Ilona Maher,Rank + Save,4.0,0,0.10689172771862034,0.3560102132043302,0.19352
33,4.0,Jenn Tran,Rank + Save,4.0,0,0.10766121076391699,0.3594193063984439,0.19352
33,4.0,Joey Graziadei,Rank + Save,1.0,0,0.07495425091143171,0.3288629423575981,0.19352
33,4.0,Phaedra Parks,Rank + Save,4.0,0,0.10831963307726972,0.3612364573621096,0.19352
33,4.0,Stephen Nedoroscik,Rank + Save,3.0,0,0.0872049564837276,0.32909300524251284,0.19352
33,5.0,Chandler Kinney,Rank + Save,1.0,0,0.09716113528017896,0.3609943057294457,0.46272
33,5.0,Danny Amendola,Rank + Save,4.0,0,0.10062674475697886,0.3630218912524076,0.46272
33,5.0,Dwight Howard ,Rank + Save,6.0,0,0.14859419597778054,0.4154598173288204,0.46272
33,5.0,Ilona Maher,Rank + Save,2.0,0,0.0917161635493465,0.3568466965684229,0.46272
33,5.0,Jenn Tran,Rank + Save,4.0,0,0.10101336151764376,0.36034295482769196,0.46272
33,5.0,Joey Graziadei,Rank + Save,2.0,0,0.09306623602125666,0.3537141627046977,0.46272
33,5.0,Phaedra Parks,Rank + Save,6.0,1,0.05940053795746447,0.1476024371429676,0.46272
33,5.0,Stephen Nedoroscik,Rank + Save,6.0,0,0.14973160277745806,0.41064381745950845,0.46272
33,6.0,Chandler Kinney,Rank + Save,1.0,0,0.10613995894196518,0.3644783569308856,0.23576
33,6.0,Danny Amendola,Rank + Save,5.0,0,0.1756955859117154,0.41854018187715103,0.23576
33,6.0,Dwight Howard ,Rank + Save,3.0,0,0.12095125285135787,0.35938085481968235,0.23576
33,6.0,Ilona Maher,Rank + Save,7.0,0,0.1801713766638947,0.4449535022008037,0.23576
33,6.0,Jenn Tran,Rank + Save,3.0,1,0.03413389598835355,0.10166295041960967,0.23576
33,6.0,Joey Graziadei,Rank + Save,1.0,0,0.10722979713645357,0.3722969891694634,0.23576
33,6.0,Stephen Nedoroscik,Rank + Save,5.0,0,0.15359894003335647,0.40118434242578743,0.23576
33,7.0,Chandler Kinney,Rank + Save,1.0,0,0.13513665123494295,0.41845701031195826,0.65
33,7.0,Danny Amendola,Rank + Save,5.0,0,0.18774668412211087,0.456624970629582,0.65
33,7.0,Dwight Howard ,Rank + Save,6.0,1,0.11533682781930704,0.2649283720126157,0.65
33,7.0,Ilona Maher,Rank + Save,4.0,0,0.18850070642303696,0.4573702566230893,0.65
33,7.0,Joey Graziadei,Rank + Save,2.0,0,0.12598667271920844,0.40265564910015067,0.65
33,7.0,Stephen Nedoroscik,Rank + Save,3.0,0,0.13439632434424276,0.40577750543685936,0.65
33,8.0,Chandler Kinney,Rank + Save,1.0,0,0.20714285714285716,0.0,1.0
33,8.0,Danny Amendola,Rank + Save,4.0,0,0.19285714285714287,0.0,1.0
33,8.0,Ilona Maher,Rank + Save,3.0,0,0.20357142857142857,0.0,1.0
33,8.0,Joey Graziadei,Rank + Save,1.0,0,0.20714285714285716,0.0,1.0
33,8.0,Stephen Nedoroscik,Rank + Save,5.0,0,0.18928571428571428,0.0,1.0
33,9.0,Chandler Kinney,Rank + Save,1.0,0,0.20618556701030927,0.0,1.0
33,9.0,Danny Amendola,Rank + Save,5.0,0,0.19243986254295534,0.0,1.0
33,9.0,Ilona Maher,Rank + Save,4.0,0,0.1958762886597938,0.0,1.0
33,9.0,Joey Graziadei,Rank + Save,2.0,0,0.2027491408934708,0.0,1.0
33,9.0,Stephen Nedoroscik,Rank + Save,2.0,0,0.2027491408934708,0.0,1.0
34,1.0,Alix Earle,Rank + Save,4.0,0,0.0657750438636003,0.0,0.0
34,1.0,Andy Richter,Rank + Save,13.0,0,0.07705076410586159,0.0,0.0
34,1.0,Baron Davis,Rank + Save,9.0,0,0.07705076409049408,0.0,0.0
34,1.0,Corey Feldman,Rank + Save,13.0,0,0.07705076410586159,0.0,0.0
34,1.0,Danielle Fishel,Rank + Save,6.0,0,0.061174035610126146,0.0,0.0
34,1.0,Dylan Efron,Rank + Save,9.0,0,0.07705076409049408,0.0,0.0
34,1.0,Elaine Hendrix,Rank + Save,6.0,0,0.061174035610126146,0.0,0.0
34,1.0,Hilaria Baldwin,Rank + Save,3.0,0,0.07083466118550436,0.0,0.0
34,1.0,Jen Affleck,Rank + Save,6.0,0,0.061174035610126146,0.0,0.0
34,1.0,Jordan Chiles,Rank + Save,9.0,0,0.07705076409049408,0.0,0.0
34,1.0,Lauren Jauregui,Rank + Save,4.0,0,0.0657750438636003,0.0,0.0
34,1.0,Robert Irwin,Rank + Save,1.0,0,0.07589427984160857,0.0,0.0
34,1.0,Scott Hoying,Rank + Save,9.0,0,0.07705076409049408,0.0,0.0
34,1.0,Whitney Leavitt,Rank + Save,1.0,1,0.07589427984160857,0.0,0.0
34,2.0,Alix Earle,Rank + Save,5.0,0,0.03886735787884974,0.26668753448517446,0.2675
34,2.0,Andy Richter,Rank + Save,13.0,0,0.07075259299736815,0.3160182401753235,0.2675
34,2.0,Baron Davis,Rank + Save,11.0,1,0.009758066511234781,0.04741046252893423,0.2675
34,2.0,Corey Feldman,Rank + Save,14.0,1,0.0744605816083518,0.3151134731366557,0.2675
34,2.0,Danielle Fishel,Rank + Save,10.0,0,0.06594660863212659,0.306130926177337,0.2675
34,2.0,Dylan Efron,Rank + Save,9.0,0,0.049766750866554924,0.28501142461633006,0.2675
34,2.0,Elaine Hendrix,Rank + Save,5.0,0,0.03876812744021982,0.2745183643695416,0.2675
34,2.0,Hilaria Baldwin,Rank + Save,5.0,0,0.04034958882061626,0.27648146926949696,0.2675
34,2.0,Jen Affleck,Rank + Save,1.0,0,0.043801657545706786,0.2758049394644335,0.2675
34,2.0,Jordan Chiles,Rank + Save,1.0,0,0.04276553503410916,0.2764736453095748,0.2675
34,2.0,Lauren Jauregui,Rank + Save,5.0,0,0.04089907357876514,0.2700783554837318,0.2675
34,2.0,Robert Irwin,Rank + Save,1.0,0,0.04325428840853717,0.28204919099570386,0.2675
34,2.0,Scott Hoying,Rank + Save,11.0,0,0.06617534656309823,0.30812532010813964,0.2675
34,2.0,Whitney Leavitt,Rank + Save,1.0,0,0.0428648992944201,0.2805853605500824,0.2675
34,3.0,Alix Earle,Rank + Save,3.0,0,0.05216103533083699,0.29827194297497817,0.49634
34,3.0,Andy Richter,Rank + Save,11.0,0,0.08499031726735673,0.33887460333220726,0.49634
34,3.0,Danielle Fishel,Rank + Save,8.0,0,0.07779692820592016,0.33710215826949536,0.49634
34,3.0,Dylan Efron,Rank + Save,3.0,0,0.05280572795901875,0.297283604055666,0.49634
34,3.0,Elaine Hendrix,Rank + Save,8.0,0,0.07675053608624573,0.32875664898175827,0.49634
34,3.0,Hilaria Baldwin,Rank + Save,5.0,0,0.04882105421912915,0.2860467000701822,0.49634
34,3.0,Jen Affleck,Rank + Save,10.0,0,0.08320167641416037,0.3347937837198913,0.49634
34,3.0,Jordan Chiles,Rank + Save,1.0,0,0.05619363539745955,0.3004033459349813,0.49634
34,3.0,Lauren Jauregui,Rank + Save,11.0,1,0.027588469019013417,0.09755759336418755,0.49634
34,3.0,Robert Irwin,Rank + Save,5.0,0,0.04961071424200276,0.28515801797888585,0.49634
34,3.0,Scott Hoying,Rank + Save,5.0,0,0.050418592265351884,0.29619700530084514,0.49634
34,3.0,Whitney Leavitt,Rank + Save,1.0,0,0.055950974696408674,0.3015961701632317,0.49634
34,4.0,Alix Earle,Rank + Save,2.0,0,0.05052486759988621,0.29221740711635347,0.118
34,4.0,Andy Richter,Rank + Save,11.0,0,0.11651585062599687,0.3709367747048835,0.118
34,4.0,Danielle Fishel,Rank + Save,9.0,0,0.10577423402630864,0.36411901634027444,0.118
34,4.0,Dylan Efron,Rank + Save,5.0,0,0.056577069470139685,0.29922741921215185,0.118
34,4.0,Elaine Hendrix,Rank + Save,2.0,0,0.04963659644175007,0.29892820638544726,0.118
34,4.0,Hilaria Baldwin,Rank + Save,5.0,1,0.007133386444815532,0.03981791854010729,0.118
34,4.0,Jen Affleck,Rank + Save,5.0,0,0.05593463573461199,0.2960940119977773,0.118
34,4.0,Jordan Chiles,Rank + Save,2.0,0,0.05146968928454616,0.297218027841909,0.118
34,4.0,Robert Irwin,Rank + Save,8.0,0,0.09719436305807708,0.34304013277866685,0.118
34,4.0,Scott Hoying,Rank + Save,9.0,0,0.11163306466297121,0.3515594512319218,0.118
34,4.0,Whitney Leavitt,Rank + Save,1.0,0,0.054537920775502735,0.2944109271442871,0.118
34,5.0,Alix Earle,Rank + Save,2.0,0,0.11182108626198083,0.0,1.0
34,5.0,Andy Richter,Rank + Save,10.0,0,0.07667731629392971,0.0,1.0
34,5.0,Danielle Fishel,Rank + Save,8.0,0,0.0926517571884984,0.0,1.0
34,5.0,Dylan Efron,Rank + Save,1.0,0,0.11501597444089456,0.0,1.0
34,5.0,Elaine Hendrix,Rank + Save,6.0,0,0.09584664536741214,0.0,1.0
34,5.0,Jen Affleck,Rank + Save,8.0,0,0.0926517571884984,0.0,1.0
34,5.0,Jordan Chiles,Rank + Save,5.0,0,0.10223642172523961,0.0,1.0
34,5.0,Robert Irwin,Rank + Save,2.0,0,0.11182108626198083,0.0,1.0
34,5.0,Scott Hoying,Rank + Save,6.0,0,0.09584664536741214,0.0,1.0
34,5.0,Whitney Leavitt,Rank + Save,4.0,0,0.10543130990415335,0.0,1.0
34,6.0,Alix Earle,Rank + Save,6.0,0,0.07201432423742374,0.3276570961808346,0.54156
34,6.0,Andy Richter,Rank + Save,10.0,0,0.10660385085385785,0.36944017953152375,0.54156
34,6.0,Danielle Fishel,Rank + Save,3.0,0,0.06630282370936669,0.32189136298904375,0.54156
34,6.0,Dylan Efron,Rank + Save,7.0,0,0.10019045134721813,0.3617975031733361,0.54156
34,6.0,Elaine Hendrix,Rank + Save,3.0,0,0.0665209206717642,0.32308558121360115,0.54156
34,6.0,Jen Affleck,Rank + Save,7.0,0,0.10128599043001163,0.35876134849262825,0.54156
34,6.0,Jordan Chiles,Rank + Save,1.0,0,0.07449330425929404,0.3317067984636675,0.54156
34,6.0,Robert Irwin,Rank + Save,3.0,0,0.06573366588927396,0.32292684432612123,0.54156
34,6.0,Scott Hoying,Rank + Save,9.0,1,0.042547618190308195,0.13412388770811448,0.54156
34,6.0,Whitney Leavitt,Rank + Save,1.0,0,0.07344387455765464,0.33395238979455283,0.54156
34,7.0,Alix Earle,Rank + Save,1.0,0,0.08817843330661661,0.34601155650817944,0.35222
34,7.0,Andy Richter,Rank + Save,9.0,0,0.12442474177016362,0.3848726054675558,0.35222
34,7.0,Danielle Fishel,Rank + Save,6.0,0,0.11845673791705331,0.37236310457605293,0.35222
34,7.0,Dylan Efron,Rank + Save,4.0,0,0.0820561263172724,0.33721507503929704,0.35222
34,7.0,Elaine Hendrix,Rank + Save,8.0,0,0.12345584024634794,0.38240470071529153,0.35222
34,7.0,Jen Affleck,Rank + Save,7.0,1,0.03581140268105825,0.10414449285105332,0.35222
34,7.0,Jordan Chiles,Rank + Save,4.0,0,0.07732489246720536,0.3328646849909728,0.35222
34,7.0,Robert Irwin,Rank + Save,3.0,0,0.08325553475644194,0.34630682600929763,0.35222
34,7.0,Whitney Leavitt,Rank + Save,2.0,0,0.08466553348712928,0.34487551850070736,0.35222
34,8.0,Alix Earle,Rank + Save,3.0,0,0.09419209126794184,0.3573632437688339,0.45368
34,8.0,Andy Richter,Rank + Save,8.0,0,0.14899230092489457,0.41575825909631015,0.45368
34,8.0,Danielle Fishel,Rank + Save,7.0,1,0.058388998465233787,0.14602542968249368,0.45368
34,8.0,Dylan Efron,Rank + Save,4.0,0,0.1017701648092886,0.36241479418809247,0.45368
34,8.0,Elaine Hendrix,Rank + Save,6.0,0,0.14685119929097928,0.4103010913718152,0.45368
34,8.0,Jordan Chiles,Rank + Save,2.0,0,0.09396556534605124,0.3610826554769385,0.45368
34,8.0,Robert Irwin,Rank + Save,4.0,0,0.1022247567598451,0.3628943944670213,0.45368
34,8.0,Whitney Leavitt,Rank + Save,1.0,0,0.09450060095725402,0.35761282223451385,0.45368
34,9.0,Alix Earle,Rank + Save,4.0,0,0.11919825632523501,0.3939845818900519,0.69812
34,9.0,Andy Richter,Rank + Save,7.0,1,0.10208338166736594,0.2660965597332222,0.69812
34,9.0,Dylan Efron,Rank + Save,1.0,0,0.11415526788310143,0.3964022589691338,0.69812
34,9.0,Elaine Hendrix,Rank + Save,6.0,0,0.1633550715919736,0.44025985019939673,0.69812
34,9.0,Jordan Chiles,Rank + Save,5.0,0,0.1206766026575237,0.3927196200778525,0.69812
34,9.0,Robert Irwin,Rank + Save,1.0,0,0.11404562353220349,0.39402397053218485,0.69812
34,9.0,Whitney Leavitt,Rank + Save,1.0,0,0.11321917521030385,0.39291061759069545,0.69812
34,10.0,Alix Earle,Rank + Save,2.0,0,0.14229353479032264,0.36815177637990204,0.2624
34,10.0,Dylan Efron,Rank + Save,6.0,0,0.19942618748268887,0.4643721805653387,0.2624
34,10.0,Elaine Hendrix,Rank + Save,4.0,0,0.19789860700531992,0.4285126363181646,0.2624
34,10.0,Jordan Chiles,Rank + Save,4.0,0,0.1972092700599898,0.4236932992923424,0.2624
34,10.0,Robert Irwin,Rank + Save,1.0,0,0.1222805872925379,0.3839564676692597,0.2624
34,10.0,Whitney Leavitt,Rank + Save,2.0,1,0.04647098098759771,0.12113639514157262,0.2624
34,11.0,Alix Earle,Rank + Save,1.0,0,0.2031609129238783,0.0,1.0
34,11.0,Dylan Efron,Rank + Save,4.0,0,0.19864532303262358,0.0,1.0
34,11.0,Elaine Hendrix,Rank + Save,5.0,0,0.19638752808699622,0.0,1.0
34,11.0,Jordan Chiles,Rank + Save,2.0,0,0.20090311797825097,0.0,1.0
34,11.0,Robert Irwin,Rank + Save,2.0,0,0.20090311797825097,0.0,1.0
